"","calendar","diesel_price","dollar"
"1","2019-03-04","45.05","65,81"
"2","2019-03-03","45.05","65,81"
"3","2019-03-02","45.05","65,88"
"4","2019-03-01","45.05","65,75"
"5","2019-02-28","45.05","65,61"
"6","2019-02-27","45.05","65,25"
"7","2019-02-26","45.05","65,51"
"8","2019-02-25","45.05","65,51"
"9","2019-02-24","45.05","65,51"
"10","2019-02-23","45.05","65,54"
"11","2019-02-22","45.05","65,85"
"12","2019-02-21","46.45","65.5401"
"13","2019-02-20","46.44","65.8568"
"14","2019-02-19","46.43","66.2022"
"15","2019-02-18","46.42","66.247"
"16","2019-02-17","46.41","66.7044"
"17","2019-02-16","46.4","66.7044"
"18","2019-02-15","46.39","66.7044"
"19","2019-02-14","46.38","66.5429"
"20","2019-02-13","46.37","65.6783"
"21","2019-02-12","46.36","65.7147"
"22","2019-02-11","46.35","65.6517"
"23","2019-02-10","46.34","66.0628"
"24","2019-02-09","46.33","66.0628"
"25","2019-02-08","46.32","66.0628"
"26","2019-02-07","46.31","66.0199"
"27","2019-02-06","46.3","65.6686"
"28","2019-02-05","46.29","65.5691"
"29","2019-02-04","46.28","65.5859"
"30","2019-02-03","46.27","65.6601"
"31","2019-02-02","46.26","65.6601"
"32","2019-02-01","46.25","65.6601"
"33","2019-01-31","46.24","65.3577"
"34","2019-01-30","46.23","66.0987"
"35","2019-01-29","46.22","66.3412"
"36","2019-01-28","46.21","65.93"
"37","2019-01-27","46.2","65.917"
"38","2019-01-26","46.19","65.917"
"39","2019-01-25","46.18","65.917"
"40","2019-01-24","46.17","66.0016"
"41","2019-01-23","46.16","66.3318"
"42","2019-01-22","46.15","66.5499"
"43","2019-01-21","46.14","66.3634"
"44","2019-01-20","46.13","66.3309"
"45","2019-01-19","46.12","66.3309"
"46","2019-01-18","46.11","66.3309"
"47","2019-01-17","46.1","66.4438"
"48","2019-01-16","46.09","66.7617"
"49","2019-01-15","46.08","67.082"
"50","2019-01-14","46.07","67.192"
"51","2019-01-13","46.06","66.9167"
"52","2019-01-12","46.05","66.9167"
"53","2019-01-11","46.04","66.9167"
"54","2019-01-10","46.03","66.8605"
"55","2019-01-09","46.02","67.0795"
"56","2019-01-08","46.01","69.4706"
"57","2019-01-07","46","69.4706"
"58","2019-01-06","45.99","69.4706"
"59","2019-01-05","45.98","69.4706"
"60","2019-01-04","45.97","69.4706"
"61","2019-01-03","45.96","69.4706"
"62","2019-01-02","45.95","69.4706"
"63","2019-01-01","45.94","69.4706"
"64","2018-12-31","45.93","69.4706"
"65","2018-12-30","45.92","69.4706"
"66","2018-12-29","45.91","69.4706"
"67","2018-12-28","45.9","69.5218"
"68","2018-12-27","45.89","68.8762"
"69","2018-12-26","45.88","68.8865"
"70","2018-12-25","45.87","68.7448"
"71","2018-12-24","45.86","68.4073"
"72","2018-12-23","45.85","68.0085"
"73","2018-12-22","45.84","68.0085"
"74","2018-12-21","45.83","68.0085"
"75","2018-12-20","45.82","67.371"
"76","2018-12-19","45.81","67.1121"
"77","2018-12-18","45.8","66.7454"
"78","2018-12-17","45.79","66.6208"
"79","2018-12-16","45.78","66.4337"
"80","2018-12-15","45.77","66.4337"
"81","2018-12-14","45.76","66.4337"
"82","2018-12-13","45.75","66.255"
"83","2018-12-12","45.74","66.4225"
"84","2018-12-11","45.73","66.5022"
"85","2018-12-10","45.72","66.2416"
"86","2018-12-09","45.71","66.9227"
"87","2018-12-08","45.7","66.9227"
"88","2018-12-07","45.69","66.9227"
"89","2018-12-06","45.68","66.7377"
"90","2018-12-05","45.67","66.8242"
"91","2018-12-04","45.66","66.4467"
"92","2018-12-03","45.65","66.2921"
"93","2018-12-02","45.64","66.5335"
"94","2018-12-01","45.63","66.5335"
"95","2018-11-30","45.62","66.5335"
"96","2018-11-29","45.61","66.6342"
"97","2018-11-28","45.6","66.9436"
"98","2018-11-27","45.59","66.78"
"99","2018-11-26","45.58","66.5072"
"100","2018-11-25","45.57","65.6664"
"101","2018-11-24","45.56","65.6664"
"102","2018-11-23","45.55","65.6664"
"103","2018-11-22","45.54","65.6067"
"104","2018-11-21","45.53","65.9485"
"105","2018-11-20","45.52","65.5871"
"106","2018-11-19","45.51","66.0081"
"107","2018-11-18","45.5","65.9931"
"108","2018-11-17","45.49","65.9931"
"109","2018-11-16","45.48","65.9931"
"110","2018-11-15","45.47","66.6159"
"111","2018-11-14","45.46","67.9975"
"112","2018-11-13","45.45","67.6812"
"113","2018-11-12","45.44","67.5238"
"114","2018-11-11","45.43","66.8497"
"115","2018-11-10","45.42","66.8497"
"116","2018-11-09","45.41","66.8497"
"117","2018-11-08","45.4","66.2155"
"118","2018-11-07","45.39","66.0918"
"119","2018-11-06","45.38","65.9912"
"120","2018-11-05","45.37","65.5799"
"121","2018-11-04","45.36","65.5799"
"122","2018-11-03","45.35","65.5799"
"123","2018-11-02","45.34","65.5799"
"124","2018-11-01","45.33","65.6517"
"125","2018-10-31","45.32","65.5962"
"126","2018-10-30","45.31","65.7742"
"127","2018-10-29","45.3","65.8129"
"128","2018-10-28","45.29","65.6345"
"129","2018-10-27","45.28","65.6345"
"130","2018-10-26","45.27","65.6345"
"131","2018-10-25","45.26","65.7476"
"132","2018-10-24","45.25","65.6299"
"133","2018-10-23","45.24","65.3101"
"134","2018-10-22","45.23","65.3065"
"135","2018-10-21","45.22","65.814"
"136","2018-10-20","45.21","65.814"
"137","2018-10-19","45.2","65.814"
"138","2018-10-18","45.19","65.7238"
"139","2018-10-17","45.18","65.4026"
"140","2018-10-16","45.17","65.5305"
"141","2018-10-15","45.16","65.7508"
"142","2018-10-14","45.15","65.9751"
"143","2018-10-13","45.14","65.9751"
"144","2018-10-12","45.13","65.9751"
"145","2018-10-11","45.12","66.7727"
"146","2018-10-10","45.11","66.1832"
"147","2018-10-09","45.1","66.4032"
"148","2018-10-08","45.09","66.9685"
"149","2018-10-07","45.08","66.627"
"150","2018-10-06","45.07","66.627"
"151","2018-10-05","45.06","66.627"
"152","2018-10-04","45.05","66.2115"
"153","2018-10-03","45.04","65.4244"
"154","2018-10-02","45.03","65.2221"
"155","2018-10-01","45.02","65.5745"
"156","2018-09-30","45.01","65.5906"
"157","2018-09-29","45","65.5906"
"158","2018-09-28","44.99","65.5906"
"159","2018-09-27","44.98","65.8355"
"160","2018-09-26","44.97","65.7585"
"161","2018-09-25","44.96","65.8244"
"162","2018-09-24","44.95","66.1594"
"163","2018-09-23","44.94","66.2497"
"164","2018-09-22","44.93","66.2497"
"165","2018-09-21","44.92","66.2497"
"166","2018-09-20","44.91","66.4725"
"167","2018-09-19","44.9","67.0098"
"168","2018-09-18","44.89","67.7519"
"169","2018-09-17","44.88","68.1958"
"170","2018-09-16","44.87","68.2826"
"171","2018-09-15","44.86","68.2826"
"172","2018-09-14","44.85","68.2826"
"173","2018-09-13","44.84","68.637"
"174","2018-09-12","44.83","69.5728"
"175","2018-09-11","44.82","69.9744"
"176","2018-09-10","44.81","69.8685"
"177","2018-09-09","44.8","69.0286"
"178","2018-09-08","44.79","69.0286"
"179","2018-09-07","44.78","69.0286"
"180","2018-09-06","44.77","68.2505"
"181","2018-09-05","44.76","68.4628"
"182","2018-09-04","44.75","68.2737"
"183","2018-09-03","44.74","67.7443"
"184","2018-09-02","44.74","68.0447"
"185","2018-09-01","44.74","68.0447"
"186","2018-08-31","44.74","68.0447"
"187","2018-08-30","44.74","68.0821"
"188","2018-08-29","44.74","68.1451"
"189","2018-08-28","44.74","67.3911"
"190","2018-08-27","44.74","67.3963"
"191","2018-08-26","44.74","67.7911"
"192","2018-08-25","44.74","67.7911"
"193","2018-08-24","44.74","67.7911"
"194","2018-08-23","44.74","68.5259"
"195","2018-08-22","44.74","67.6163"
"196","2018-08-21","44.74","67.1783"
"197","2018-08-20","44.74","67.1807"
"198","2018-08-19","44.74","66.8757"
"199","2018-08-18","44.74","66.8757"
"200","2018-08-17","44.74","66.8757"
"201","2018-08-16","44.74","66.8932"
"202","2018-08-15","44.74","66.3772"
"203","2018-08-14","44.74","66.7535"
"204","2018-08-13","44.74","68.2234"
"205","2018-08-12","44.74","66.9075"
"206","2018-08-11","44.74","66.9075"
"207","2018-08-10","44.74","66.9075"
"208","2018-08-09","44.74","66.2856"
"209","2018-08-08","44.74","63.595"
"210","2018-08-07","44.74","63.5425"
"211","2018-08-06","44.74","63.4975"
"212","2018-08-05","44.74","63.4549"
"213","2018-08-04","44.74","63.4549"
"214","2018-08-03","44.74","63.4549"
"215","2018-08-02","44.74","63.1358"
"216","2018-08-01","44.74","62.559"
"217","2018-07-31","44.74","62.3497"
"218","2018-07-30","44.74","62.7805"
"219","2018-07-29","44.74","62.9726"
"220","2018-07-28","44.74","62.9726"
"221","2018-07-27","44.74","62.9726"
"222","2018-07-26","44.74","62.9471"
"223","2018-07-25","44.74","63.0836"
"224","2018-07-24","44.74","62.9235"
"225","2018-07-23","44.74","63.1957"
"226","2018-07-22","44.74","63.4888"
"227","2018-07-21","44.74","63.4888"
"228","2018-07-20","44.74","63.4888"
"229","2018-07-19","44.74","63.2746"
"230","2018-07-18","44.74","62.9006"
"231","2018-07-17","44.74","62.4352"
"232","2018-07-16","44.74","62.2556"
"233","2018-07-15","44.74","62.2934"
"234","2018-07-14","44.74","62.2934"
"235","2018-07-13","44.74","62.2934"
"236","2018-07-12","44.74","62.2062"
"237","2018-07-11","44.74","62.098"
"238","2018-07-10","44.74","62.4442"
"239","2018-07-09","44.74","62.8338"
"240","2018-07-08","44.74","63.1216"
"241","2018-07-07","44.74","63.1216"
"242","2018-07-06","44.74","63.1216"
"243","2018-07-05","44.74","63.2604"
"244","2018-07-04","44.74","63.2267"
"245","2018-07-03","44.74","63.2194"
"246","2018-07-02","44.74","63.1394"
"247","2018-07-01","44.74","62.7565"
"248","2018-06-30","44.74","62.7565"
"249","2018-06-29","44.74","62.7565"
"250","2018-06-28","44.74","63.291"
"251","2018-06-27","44.74","63.1359"
"252","2018-06-26","44.74","62.7908"
"253","2018-06-25","44.74","62.9497"
"254","2018-06-24","44.74","63.2396"
"255","2018-06-23","44.74","63.2396"
"256","2018-06-22","44.74","63.2396"
"257","2018-06-21","44.74","63.7873"
"258","2018-06-20","44.74","63.6175"
"259","2018-06-19","44.74","64.0683"
"260","2018-06-18","44.74","63.4838"
"261","2018-06-17","44.74","62.6851"
"262","2018-06-16","44.74","62.6851"
"263","2018-06-15","44.74","62.6851"
"264","2018-06-14","44.74","62.2511"
"265","2018-06-13","44.74","63.1164"
"266","2018-06-12","44.74","62.3431"
"267","2018-06-11","44.74","62.3431"
"268","2018-06-10","44.74","62.3431"
"269","2018-06-09","44.74","62.3431"
"270","2018-06-08","44.74","62.668"
"271","2018-06-07","44.74","61.8125"
"272","2018-06-06","44.74","62.0064"
"273","2018-06-05","44.74","61.9822"
"274","2018-06-04","44.74","61.929"
"275","2018-06-03","44.74","62.2056"
"276","2018-06-02","44.66","62.2056"
"277","2018-06-01","44.58","62.2056"
"278","2018-05-31","44.5","62.0188"
"279","2018-05-30","44.42","62.5937"
"280","2018-05-29","44.34","62.642"
"281","2018-05-28","44.26","62.271"
"282","2018-05-27","44.18","61.6659"
"283","2018-05-26","44.1","61.6659"
"284","2018-05-25","44.02","61.6659"
"285","2018-05-24","43.94","61.409"
"286","2018-05-23","43.86","61.5945"
"287","2018-05-22","43.78","61.261"
"288","2018-05-21","43.7","62.5327"
"289","2018-05-20","43.62","61.9408"
"290","2018-05-19","43.54","61.9408"
"291","2018-05-18","43.46","61.9408"
"292","2018-05-17","43.38","61.8215"
"293","2018-05-16","43.3","62.3033"
"294","2018-05-15","43.22","61.9164"
"295","2018-05-14","43.14","61.7684"
"296","2018-05-13","43.06","61.7354"
"297","2018-05-12","42.98","61.7354"
"298","2018-05-11","42.9","61.7354"
"299","2018-05-10","42.82","62.5229"
"300","2018-05-09","42.74","63.0066"
"301","2018-05-08","42.66","63.0066"
"302","2018-05-07","42.58","62.7148"
"303","2018-05-06","42.5","63.2012"
"304","2018-05-05","42.42","63.2012"
"305","2018-05-04","42.34","63.2012"
"306","2018-05-03","42.26","63.486"
"307","2018-05-02","42.18","61.9997"
"308","2018-05-01","42.1","61.9997"
"309","2018-04-30","42.02","61.9997"
"310","2018-04-29","41.94","61.9997"
"311","2018-04-28","41.86","61.9997"
"312","2018-04-27","41.78","62.726"
"313","2018-04-26","41.7","62.6027"
"314","2018-04-25","41.62","61.7494"
"315","2018-04-24","41.54","61.6644"
"316","2018-04-23","41.46","61.7655"
"317","2018-04-22","41.38","61.3222"
"318","2018-04-21","41.3","61.3222"
"319","2018-04-20","41.22","61.3222"
"320","2018-04-19","41.14","60.8583"
"321","2018-04-18","41.06","61.5539"
"322","2018-04-17","40.98","61.1454"
"323","2018-04-16","40.9","62.2794"
"324","2018-04-15","40.82","61.4311"
"325","2018-04-14","40.74","61.4311"
"326","2018-04-13","40.7","61.4311"
"327","2018-04-12","40.7","62.0659"
"328","2018-04-11","40.7","64.0626"
"329","2018-04-10","40.7","62.3699"
"330","2018-04-09","40.7","58.5714"
"331","2018-04-08","40.7","57.8332"
"332","2018-04-07","40.7","57.8332"
"333","2018-04-06","40.7","57.8332"
"334","2018-04-05","40.7","57.5796"
"335","2018-04-04","40.7","57.7646"
"336","2018-04-03","40.7","57.5375"
"337","2018-04-02","40.7","57.285"
"338","2018-04-01","40.7","57.2649"
"339","2018-03-31","40.7","57.2649"
"340","2018-03-30","40.7","57.2649"
"341","2018-03-29","40.7","57.7626"
"342","2018-03-28","40.7","57.5598"
"343","2018-03-27","40.7","57.1747"
"344","2018-03-26","40.7","57.0039"
"345","2018-03-25","40.7","57.1072"
"346","2018-03-24","40.7","57.1072"
"347","2018-03-23","40.7","57.1072"
"348","2018-03-22","40.7","56.8391"
"349","2018-03-21","40.7","57.4954"
"350","2018-03-20","40.7","57.7033"
"351","2018-03-19","40.7","57.5521"
"352","2018-03-18","40.7","57.4942"
"353","2018-03-17","40.7","57.4942"
"354","2018-03-16","40.7","57.4942"
"355","2018-03-15","40.7","57.0188"
"356","2018-03-14","40.7","56.9372"
"357","2018-03-13","40.7","56.9359"
"358","2018-03-12","40.7","56.6122"
"359","2018-03-11","40.7","56.8011"
"360","2018-03-10","40.7","56.8011"
"361","2018-03-09","40.7","56.8011"
"362","2018-03-08","40.7","56.8011"
"363","2018-03-07","40.7","56.8011"
"364","2018-03-06","40.7","56.5041"
"365","2018-03-05","40.7","57.1"
"366","2018-03-04","40.7","56.6616"
"367","2018-03-03","40.7","56.6616"
"368","2018-03-02","40.7","56.6616"
"369","2018-03-01","40.7","56.4334"
"370","2018-02-28","40.7","56.3742"
"371","2018-02-27","40.7","55.6717"
"372","2018-02-26","40.7","55.9208"
"373","2018-02-25","40.7","56.7608"
"374","2018-02-24","40.7","56.7608"
"375","2018-02-23","40.7","56.7608"
"376","2018-02-22","40.7","56.7608"
"377","2018-02-21","40.7","56.6537"
"378","2018-02-20","40.7","56.5201"
"379","2018-02-19","40.7","56.3438"
"380","2018-02-18","40.7","56.3554"
"381","2018-02-17","40.7","56.3554"
"382","2018-02-16","40.7","56.3554"
"383","2018-02-15","40.7","56.5918"
"384","2018-02-14","40.7","57.5899"
"385","2018-02-13","40.7","57.7701"
"386","2018-02-12","40.7","58.0171"
"387","2018-02-11","40.7","58.1718"
"388","2018-02-10","40.7","58.1718"
"389","2018-02-09","40.7","58.1718"
"390","2018-02-08","40.7","57.6736"
"391","2018-02-07","40.7","56.9533"
"392","2018-02-06","40.7","57.2196"
"393","2018-02-05","40.7","56.6278"
"394","2018-02-04","40.7","56.0408"
"395","2018-02-03","40.7","56.0408"
"396","2018-02-02","40.7","56.0408"
"397","2018-02-01","40.7","56.2613"
"398","2018-01-31","40.7","56.184"
"399","2018-01-30","40.7","56.2914"
"400","2018-01-29","40.675","56.2908"
"401","2018-01-28","40.65","55.8288"
"402","2018-01-27","40.625","55.8288"
"403","2018-01-26","40.6","55.8288"
"404","2018-01-25","40.575","55.9288"
"405","2018-01-24","40.55","56.3888"
"406","2018-01-23","40.525","56.4115"
"407","2018-01-22","40.5","56.6261"
"408","2018-01-21","40.475","56.5892"
"409","2018-01-20","40.45","56.5892"
"410","2018-01-19","40.425","56.5892"
"411","2018-01-18","40.4","56.7597"
"412","2018-01-17","40.375","56.5925"
"413","2018-01-16","40.35","56.3878"
"414","2018-01-15","40.325","56.3569"
"415","2018-01-14","40.3","56.6019"
"416","2018-01-13","40.275","56.6019"
"417","2018-01-12","40.25","56.6019"
"418","2018-01-11","40.225","56.9957"
"419","2018-01-10","40.2","56.8734"
"420","2018-01-09","40.175","57.0463"
"421","2018-01-08","40.15","57.6002"
"422","2018-01-07","40.125","57.6002"
"423","2018-01-06","40.1","57.6002"
"424","2018-01-05","40.075","57.6002"
"425","2018-01-04","40.05","57.6002"
"426","2018-01-03","40.025","57.6002"
"427","2018-01-02","40","57.6002"
"428","2018-01-01","39.975","57.6002"
"429","2017-12-31","39.95","57.6002"
"430","2017-12-30","39.925","57.6002"
"431","2017-12-29","39.9","57.6002"
"432","2017-12-28","39.875","57.6291"
"433","2017-12-27","39.85","57.4544"
"434","2017-12-26","39.825","57.7343"
"435","2017-12-25","39.8","58.1989"
"436","2017-12-24","39.775","58.3152"
"437","2017-12-23","39.75","58.3152"
"438","2017-12-22","39.725","58.3152"
"439","2017-12-21","39.7","58.5596"
"440","2017-12-20","39.675","58.717"
"441","2017-12-19","39.65","58.6117"
"442","2017-12-18","39.625","58.694"
"443","2017-12-17","39.6","58.8987"
"444","2017-12-16","39.575","58.8987"
"445","2017-12-15","39.55","58.8987"
"446","2017-12-14","39.525","58.7082"
"447","2017-12-13","39.5","59.1446"
"448","2017-12-12","39.475","58.837"
"449","2017-12-11","39.45","59.2348"
"450","2017-12-10","39.425","59.2811"
"451","2017-12-09","39.4","59.2811"
"452","2017-12-08","39.375","59.2811"
"453","2017-12-07","39.35","59.2948"
"454","2017-12-06","39.325","58.9281"
"455","2017-12-05","39.3","58.6924"
"456","2017-12-04","39.275","58.9911"
"457","2017-12-03","39.25","58.5182"
"458","2017-12-02","39.225","58.5182"
"459","2017-12-01","39.2","58.5182"
"460","2017-11-30","39.175","58.5814"
"461","2017-11-29","39.15","58.3311"
"462","2017-11-28","39.125","58.4125"
"463","2017-11-27","39.1","58.2773"
"464","2017-11-26","39.075","58.5318"
"465","2017-11-25","39.05","58.5318"
"466","2017-11-24","39.025","58.5318"
"467","2017-11-23","39","58.4622"
"468","2017-11-22","38.975","59.0061"
"469","2017-11-21","38.95","59.4604"
"470","2017-11-20","38.925","59.2746"
"471","2017-11-19","38.9","59.6325"
"472","2017-11-18","38.875","59.6325"
"473","2017-11-17","38.85","59.6325"
"474","2017-11-16","38.825","59.9898"
"475","2017-11-15","38.8","60.249"
"476","2017-11-14","38.8","59.6207"
"477","2017-11-13","38.8","59.1823"
"478","2017-11-12","38.8","59.2808"
"479","2017-11-11","38.8","59.2808"
"480","2017-11-10","38.8","59.2808"
"481","2017-11-09","38.8","59.2527"
"482","2017-11-08","38.8","59.248"
"483","2017-11-07","38.8","58.4557"
"484","2017-11-06","38.8","58.4296"
"485","2017-11-05","38.8","58.4296"
"486","2017-11-04","38.8","58.4296"
"487","2017-11-03","38.8","58.4296"
"488","2017-11-02","38.8","58.0869"
"489","2017-11-01","38.8","58.1557"
"490","2017-10-31","38.8","58.1179"
"491","2017-10-30","38.76","57.8716"
"492","2017-10-29","38.72","58.0833"
"493","2017-10-28","38.68","58.0833"
"494","2017-10-27","38.64","58.0833"
"495","2017-10-26","38.6","57.7643"
"496","2017-10-25","38.56","57.614"
"497","2017-10-24","38.52","57.5852"
"498","2017-10-23","38.48","57.4706"
"499","2017-10-22","38.44","57.5118"
"500","2017-10-21","38.4","57.5118"
"501","2017-10-20","38.36","57.5118"
"502","2017-10-19","38.32","57.5706"
"503","2017-10-18","38.28","57.2721"
"504","2017-10-17","38.24","57.3392"
"505","2017-10-16","38.2","57.0861"
"506","2017-10-15","38.16","57.6196"
"507","2017-10-14","38.12","57.6196"
"508","2017-10-13","38.08","57.6196"
"509","2017-10-12","38.04","57.6869"
"510","2017-10-11","38","57.921"
"511","2017-10-10","37.96","58.0713"
"512","2017-10-09","37.92","58.3151"
"513","2017-10-08","37.88","57.7612"
"514","2017-10-07","37.84","57.7612"
"515","2017-10-06","37.8","57.7612"
"516","2017-10-05","37.76","57.5811"
"517","2017-10-04","37.72","57.7832"
"518","2017-10-03","37.68","57.9375"
"519","2017-10-02","37.64","57.8134"
"520","2017-10-01","37.6","58.0169"
"521","2017-09-30","37.56","58.0169"
"522","2017-09-29","37.54","58.0169"
"523","2017-09-28","37.54","58.4255"
"524","2017-09-27","37.54","58.0102"
"525","2017-09-26","37.54","57.5186"
"526","2017-09-25","37.54","57.566"
"527","2017-09-24","37.54","57.6527"
"528","2017-09-23","37.54","57.6527"
"529","2017-09-22","37.54","57.6527"
"530","2017-09-21","37.54","58.2242"
"531","2017-09-20","37.54","58.129"
"532","2017-09-19","37.54","58.0993"
"533","2017-09-18","37.54","57.6242"
"534","2017-09-17","37.54","57.5336"
"535","2017-09-16","37.54","57.5336"
"536","2017-09-15","37.54","57.5336"
"537","2017-09-14","37.54","57.7706"
"538","2017-09-13","37.54","57.6679"
"539","2017-09-12","37.54","57.2656"
"540","2017-09-11","37.54","57.1694"
"541","2017-09-10","37.54","56.9966"
"542","2017-09-09","37.54","56.9966"
"543","2017-09-08","37.54","56.9966"
"544","2017-09-07","37.54","57.1411"
"545","2017-09-06","37.54","57.3387"
"546","2017-09-05","37.54","57.8503"
"547","2017-09-04","37.54","57.7817"
"548","2017-09-03","37.54","58.0557"
"549","2017-09-02","37.54","58.0557"
"550","2017-09-01","37.54","58.0557"
"551","2017-08-31","37.54","58.5454"
"552","2017-08-30","37.54","58.7306"
"553","2017-08-29","37.54","58.532"
"554","2017-08-28","37.54","58.5469"
"555","2017-08-27","37.54","59.1476"
"556","2017-08-26","37.54","59.1476"
"557","2017-08-25","37.54","59.1476"
"558","2017-08-24","37.54","59.1397"
"559","2017-08-23","37.54","59.1312"
"560","2017-08-22","37.54","59.0396"
"561","2017-08-21","37.54","59.1409"
"562","2017-08-20","37.54","59.3612"
"563","2017-08-19","37.54","59.3612"
"564","2017-08-18","37.54","59.3612"
"565","2017-08-17","37.54","59.249"
"566","2017-08-16","37.54","59.6521"
"567","2017-08-15","37.54","59.9266"
"568","2017-08-14","37.54","59.799"
"569","2017-08-13","37.54","60.1873"
"570","2017-08-12","37.54","60.1873"
"571","2017-08-11","37.54","60.1873"
"572","2017-08-10","37.54","59.9298"
"573","2017-08-09","37.54","59.9611"
"574","2017-08-08","37.54","59.9886"
"575","2017-08-07","37.54","60.0605"
"576","2017-08-06","37.54","60.3281"
"577","2017-08-05","37.54","60.3281"
"578","2017-08-04","37.54","60.3281"
"579","2017-08-03","37.54","60.7503"
"580","2017-08-02","37.54","60.5819"
"581","2017-08-01","37.54","59.8454"
"582","2017-07-31","37.54","60.0633"
"583","2017-07-30","37.54","59.5436"
"584","2017-07-29","37.54","59.5436"
"585","2017-07-28","37.54","59.5436"
"586","2017-07-27","37.54","59.4102"
"587","2017-07-26","37.54","59.9102"
"588","2017-07-25","37.54","59.8185"
"589","2017-07-24","37.54","59.6572"
"590","2017-07-23","37.54","58.9325"
"591","2017-07-22","37.54","58.9325"
"592","2017-07-21","37.54","58.9325"
"593","2017-07-20","37.54","59.0823"
"594","2017-07-19","37.54","59.2418"
"595","2017-07-18","37.54","59.3705"
"596","2017-07-17","37.54","59.0657"
"597","2017-07-16","37.54","59.8806"
"598","2017-07-15","37.54","59.8806"
"599","2017-07-14","37.54","59.8806"
"600","2017-07-13","37.54","60.1836"
"601","2017-07-12","37.54","60.6227"
"602","2017-07-11","37.54","60.7397"
"603","2017-07-10","37.54","60.3014"
"604","2017-07-09","37.54","60.3792"
"605","2017-07-08","37.54","60.3792"
"606","2017-07-07","37.54","60.3792"
"607","2017-07-06","37.54","60.2426"
"608","2017-07-05","37.54","59.5787"
"609","2017-07-04","37.54","59.2295"
"610","2017-07-03","37.54","58.9695"
"611","2017-07-02","37.54","59.3862"
"612","2017-07-01","37.54","59.3862"
"613","2017-06-30","37.54","59.3862"
"614","2017-06-29","37.54","59.0855"
"615","2017-06-28","37.54","59.5415"
"616","2017-06-27","37.54","58.8843"
"617","2017-06-26","37.54","59.0014"
"618","2017-06-25","37.54","59.6564"
"619","2017-06-24","37.54","59.6564"
"620","2017-06-23","37.54","59.6564"
"621","2017-06-22","37.54","60.1482"
"622","2017-06-21","37.54","60"
"623","2017-06-20","37.54","58.5786"
"624","2017-06-19","37.54","57.9585"
"625","2017-06-18","37.54","57.7408"
"626","2017-06-17","37.54","57.7408"
"627","2017-06-16","37.54","57.7408"
"628","2017-06-15","37.54","57.4437"
"629","2017-06-14","37.54","57.0303"
"630","2017-06-13","37.54","56.9096"
"631","2017-06-12","37.54","57.002"
"632","2017-06-11","37.54","57.002"
"633","2017-06-10","37.54","57.002"
"634","2017-06-09","37.54","57.002"
"635","2017-06-08","37.54","56.9857"
"636","2017-06-07","37.54","56.5878"
"637","2017-06-06","37.54","56.6747"
"638","2017-06-05","37.54","56.6152"
"639","2017-06-04","37.54","56.6876"
"640","2017-06-03","37.54","56.6876"
"641","2017-06-02","37.54","56.6876"
"642","2017-06-01","37.54","56.5373"
"643","2017-05-31","37.54","56.6876"
"644","2017-05-30","37.54","56.5168"
"645","2017-05-29","37.54","56.7106"
"646","2017-05-28","37.54","56.756"
"647","2017-05-27","37.54","56.756"
"648","2017-05-26","37.54","56.756"
"649","2017-05-25","37.54","56.0701"
"650","2017-05-24","37.54","56.2743"
"651","2017-05-23","37.54","56.5552"
"652","2017-05-22","37.54","56.4988"
"653","2017-05-21","37.54","57.1602"
"654","2017-05-20","37.54","57.1602"
"655","2017-05-19","37.54","57.1602"
"656","2017-05-18","37.54","57.4683"
"657","2017-05-17","37.54","56.7383"
"658","2017-05-16","37.54","56.2603"
"659","2017-05-15","37.54","56.5258"
"660","2017-05-14","37.54","57.164"
"661","2017-05-13","37.52","57.164"
"662","2017-05-12","37.5","57.164"
"663","2017-05-11","37.48","57.1161"
"664","2017-05-10","37.46","58.0824"
"665","2017-05-09","37.44","58.5382"
"666","2017-05-08","37.42","58.5382"
"667","2017-05-07","37.4","58.5382"
"668","2017-05-06","37.38","58.5382"
"669","2017-05-05","37.36","58.5382"
"670","2017-05-04","37.34","57.5714"
"671","2017-05-03","37.32","57.0927"
"672","2017-05-02","37.3","56.9518"
"673","2017-05-01","37.28","56.9838"
"674","2017-04-30","37.26","56.9838"
"675","2017-04-29","37.24","56.9838"
"676","2017-04-28","37.22","56.9838"
"677","2017-04-27","37.2","56.9707"
"678","2017-04-26","37.18","56.3131"
"679","2017-04-25","37.16","55.8453"
"680","2017-04-24","37.14","56.0794"
"681","2017-04-23","37.12","56.2307"
"682","2017-04-22","37.1","56.2307"
"683","2017-04-21","37.08","56.2307"
"684","2017-04-20","37.06","56.4165"
"685","2017-04-19","37.04","56.1753"
"686","2017-04-18","37.02","55.9793"
"687","2017-04-17","37","56.2505"
"688","2017-04-16","36.98","56.2945"
"689","2017-04-15","36.96","56.2945"
"690","2017-04-14","36.94","56.2945"
"691","2017-04-13","36.94","56.6019"
"692","2017-04-12","36.94","56.7556"
"693","2017-04-11","36.94","56.9552"
"694","2017-04-10","36.94","57.3896"
"695","2017-04-09","36.94","56.9201"
"696","2017-04-08","36.94","56.9201"
"697","2017-04-07","36.94","56.9201"
"698","2017-04-06","36.94","56.4369"
"699","2017-04-05","36.94","55.894"
"700","2017-04-04","36.94","56.5553"
"701","2017-04-03","36.94","56.1396"
"702","2017-04-02","36.94","55.9606"
"703","2017-04-01","36.94","55.9606"
"704","2017-03-31","36.94","55.9606"
"705","2017-03-30","36.94","56.3779"
"706","2017-03-29","36.95","57.0241"
"707","2017-03-28","36.96","56.9364"
"708","2017-03-27","36.97","57.0233"
"709","2017-03-26","36.98","57.4247"
"710","2017-03-25","36.99","57.4247"
"711","2017-03-24","37","57.4247"
"712","2017-03-23","37.01","57.5228"
"713","2017-03-22","37.02","57.636"
"714","2017-03-21","37.03","57.2323"
"715","2017-03-20","37.04","57.2847"
"716","2017-03-19","37.05","57.9344"
"717","2017-03-18","37.06","57.9344"
"718","2017-03-17","37.07","57.9344"
"719","2017-03-16","37.08","58.2437"
"720","2017-03-15","37.09","59.1128"
"721","2017-03-14","37.1","58.954"
"722","2017-03-13","37.11","59.1327"
"723","2017-03-12","37.12","59.2174"
"724","2017-03-11","37.13","59.2174"
"725","2017-03-10","37.14","59.2174"
"726","2017-03-09","37.15","58.8318"
"727","2017-03-08","37.16","58.263"
"728","2017-03-07","37.17","58.263"
"729","2017-03-06","37.18","58.337"
"730","2017-03-05","37.19","58.9099"
"731","2017-03-04","37.2","58.9099"
"732","2017-03-03","37.21","58.9099"
"733","2017-03-02","37.22","58.4067"
"734","2017-03-01","37.23","58.3776"
"735","2017-02-28","37.24","57.9627"
"736","2017-02-27","37.25","57.9371"
"737","2017-02-26","37.25","57.4762"
"738","2017-02-25","37.25","57.4762"
"739","2017-02-24","37.25","57.4762"
"740","2017-02-23","37.25","57.4762"
"741","2017-02-22","37.25","57.4762"
"742","2017-02-21","37.25","57.859"
"743","2017-02-20","37.25","58.0967"
"744","2017-02-19","37.25","57.6342"
"745","2017-02-18","37.25","57.6342"
"746","2017-02-17","37.25","57.6342"
"747","2017-02-16","37.25","57.1507"
"748","2017-02-15","37.25","56.7719"
"749","2017-02-14","37.25","57.7388"
"750","2017-02-13","37.25","58.0619"
"751","2017-02-12","37.25","58.8457"
"752","2017-02-11","37.25","58.8457"
"753","2017-02-10","37.25","58.8457"
"754","2017-02-09","37.25","59.0235"
"755","2017-02-08","37.25","59.5129"
"756","2017-02-07","37.25","59.1933"
"757","2017-02-06","37.25","58.7121"
"758","2017-02-05","37.25","59.3137"
"759","2017-02-04","37.25","59.3137"
"760","2017-02-03","37.25","59.3137"
"761","2017-02-02","37.25","59.9858"
"762","2017-02-01","37.25","60.3099"
"763","2017-01-31","37.25","60.0851"
"764","2017-01-30","37.225","60.1618"
"765","2017-01-29","37.2","60.3196"
"766","2017-01-28","37.175","60.3196"
"767","2017-01-27","37.15","60.3196"
"768","2017-01-26","37.125","59.6356"
"769","2017-01-25","37.1","59.1489"
"770","2017-01-24","37.075","59.2168"
"771","2017-01-23","37.05","59.5034"
"772","2017-01-22","37.025","59.6697"
"773","2017-01-21","37","59.6697"
"774","2017-01-20","36.975","59.6697"
"775","2017-01-19","36.95","59.3521"
"776","2017-01-18","36.925","59.183"
"777","2017-01-17","36.9","59.4015"
"778","2017-01-16","36.875","59.6067"
"779","2017-01-15","36.85","59.37"
"780","2017-01-14","36.825","59.37"
"781","2017-01-13","36.8","59.37"
"782","2017-01-12","36.775","59.4978"
"783","2017-01-11","36.75","60.1614"
"784","2017-01-10","36.725","59.9533"
"785","2017-01-09","36.7","59.8961"
"786","2017-01-08","36.675","60.6569"
"787","2017-01-07","36.65","60.6569"
"788","2017-01-06","36.625","60.6569"
"789","2017-01-05","36.6","60.6569"
"790","2017-01-04","36.575","60.6569"
"791","2017-01-03","36.55","60.6569"
"792","2017-01-02","36.525","60.6569"
"793","2017-01-01","36.5","60.6569"
"794","2016-12-31","36.475","60.6569"
"795","2016-12-30","36.45","60.6569"
"796","2016-12-29","36.425","60.273"
"797","2016-12-28","36.4","60.6669"
"798","2016-12-27","36.375","60.8587"
"799","2016-12-26","36.35","60.9084"
"800","2016-12-25","36.325","60.8528"
"801","2016-12-24","36.3","60.8528"
"802","2016-12-23","36.275","60.8528"
"803","2016-12-22","36.25","60.8641"
"804","2016-12-21","36.225","61.1092"
"805","2016-12-20","36.2","61.7967"
"806","2016-12-19","36.175","61.7931"
"807","2016-12-18","36.15","61.7515"
"808","2016-12-17","36.125","61.7515"
"809","2016-12-16","36.1","61.7515"
"810","2016-12-15","36.075","61.6368"
"811","2016-12-14","36.05","60.8079"
"812","2016-12-13","36.025","61.069"
"813","2016-12-12","36","61.5804"
"814","2016-12-11","35.975","63.3028"
"815","2016-12-10","35.95","63.3028"
"816","2016-12-09","35.925","63.3028"
"817","2016-12-08","35.9","63.3901"
"818","2016-12-07","35.875","63.9114"
"819","2016-12-06","35.85","63.8741"
"820","2016-12-05","35.825","63.9242"
"821","2016-12-04","35.8","64.1528"
"822","2016-12-03","35.775","64.1528"
"823","2016-12-02","35.75","64.1528"
"824","2016-12-01","35.725","63.6807"
"825","2016-11-30","35.7","65.2382"
"826","2016-11-29","35.675","64.9449"
"827","2016-11-28","35.65","64.9153"
"828","2016-11-27","35.625","64.6174"
"829","2016-11-26","35.6","64.6174"
"830","2016-11-25","35.575","64.6174"
"831","2016-11-24","35.55","64.6279"
"832","2016-11-23","35.525","64.0087"
"833","2016-11-22","35.5","63.6282"
"834","2016-11-21","35.475","64.358"
"835","2016-11-20","35.45","65.1023"
"836","2016-11-19","35.425","65.1023"
"837","2016-11-18","35.4","65.1023"
"838","2016-11-17","35.375","64.9154"
"839","2016-11-16","35.35","64.5463"
"840","2016-11-15","35.325","65.5548"
"841","2016-11-14","35.3","65.8591"
"842","2016-11-13","35.275","65.2167"
"843","2016-11-12","35.25","65.2167"
"844","2016-11-11","35.225","65.2167"
"845","2016-11-10","35.2","63.4161"
"846","2016-11-09","35.175","63.8928"
"847","2016-11-08","35.15","63.7364"
"848","2016-11-07","35.125","63.9074"
"849","2016-11-06","35.1","63.5043"
"850","2016-11-05","35.075","63.5043"
"851","2016-11-04","35.05","63.5043"
"852","2016-11-03","35.025","63.5043"
"853","2016-11-02","35","63.4166"
"854","2016-11-01","34.975","63.2025"
"855","2016-10-31","34.95","63.2174"
"856","2016-10-30","34.925","62.9037"
"857","2016-10-29","34.9","62.9037"
"858","2016-10-28","34.875","62.9037"
"859","2016-10-27","34.85","63.0399"
"860","2016-10-26","34.825","62.2597"
"861","2016-10-25","34.8","62.048"
"862","2016-10-24","34.775","62.2349"
"863","2016-10-23","34.75","62.4499"
"864","2016-10-22","34.725","62.4499"
"865","2016-10-21","34.7","62.4499"
"866","2016-10-20","34.675","62.4194"
"867","2016-10-19","34.65","62.5841"
"868","2016-10-18","34.625","62.89"
"869","2016-10-17","34.6","63.151"
"870","2016-10-16","34.575","62.9934"
"871","2016-10-15","34.55","62.9934"
"872","2016-10-14","34.55","62.9934"
"873","2016-10-13","34.56","63.3465"
"874","2016-10-12","34.57","62.5892"
"875","2016-10-11","34.58","62.1946"
"876","2016-10-10","34.59","62.3884"
"877","2016-10-09","34.6","62.3031"
"878","2016-10-08","34.61","62.3031"
"879","2016-10-07","34.62","62.3031"
"880","2016-10-06","34.63","62.39"
"881","2016-10-05","34.64","62.4583"
"882","2016-10-04","34.65","62.4323"
"883","2016-10-03","34.66","62.5477"
"884","2016-10-02","34.67","63.396"
"885","2016-10-01","34.68","63.396"
"886","2016-09-30","34.69","63.396"
"887","2016-09-29","34.7","63.1581"
"888","2016-09-28","34.71","63.9509"
"889","2016-09-27","34.72","63.6921"
"890","2016-09-26","34.73","64.1506"
"891","2016-09-25","34.74","63.8642"
"892","2016-09-24","34.75","63.8642"
"893","2016-09-23","34.76","63.8642"
"894","2016-09-22","34.77","63.7942"
"895","2016-09-21","34.78","64.4424"
"896","2016-09-20","34.79","64.7513"
"897","2016-09-19","34.8","64.9173"
"898","2016-09-18","34.81","64.994"
"899","2016-09-17","34.82","64.994"
"900","2016-09-16","34.83","64.994"
"901","2016-09-15","34.84","65.217"
"902","2016-09-14","34.85","64.9737"
"903","2016-09-13","34.86","64.8102"
"904","2016-09-12","34.87","65.0539"
"905","2016-09-11","34.88","64.1617"
"906","2016-09-10","34.89","64.1617"
"907","2016-09-09","34.9","64.1617"
"908","2016-09-08","34.91","63.973"
"909","2016-09-07","34.92","64.3804"
"910","2016-09-06","34.93","64.8306"
"911","2016-09-05","34.94","64.7644"
"912","2016-09-04","34.95","65.8684"
"913","2016-09-03","34.95","65.8684"
"914","2016-09-02","34.95","65.8684"
"915","2016-09-01","34.95","65.2566"
"916","2016-08-31","34.95","65.2535"
"917","2016-08-30","34.95","64.9072"
"918","2016-08-29","34.95","65.081"
"919","2016-08-28","34.95","64.738"
"920","2016-08-27","34.95","64.738"
"921","2016-08-26","34.95","64.738"
"922","2016-08-25","34.95","64.9459"
"923","2016-08-24","34.95","64.814"
"924","2016-08-23","34.95","64.7684"
"925","2016-08-22","34.95","64.2078"
"926","2016-08-21","34.95","63.9391"
"927","2016-08-20","34.95","63.9391"
"928","2016-08-19","34.95","63.9391"
"929","2016-08-18","34.95","63.5487"
"930","2016-08-17","34.95","63.9943"
"931","2016-08-16","34.95","63.9514"
"932","2016-08-15","34.95","64.2076"
"933","2016-08-14","34.95","64.3364"
"934","2016-08-13","34.95","64.3364"
"935","2016-08-12","34.95","64.3364"
"936","2016-08-11","34.95","64.9497"
"937","2016-08-10","34.95","64.8137"
"938","2016-08-09","34.95","64.7848"
"939","2016-08-08","34.95","65.0799"
"940","2016-08-07","34.95","65.5627"
"941","2016-08-06","34.95","65.5627"
"942","2016-08-05","34.95","65.5627"
"943","2016-08-04","34.95","66.3941"
"944","2016-08-03","34.95","66.742"
"945","2016-08-02","34.95","66.8816"
"946","2016-08-01","34.95","65.9553"
"947","2016-07-31","34.95","67.0512"
"948","2016-07-30","34.95","67.0512"
"949","2016-07-29","34.95","67.0512"
"950","2016-07-28","34.95","66.1125"
"951","2016-07-27","34.95","65.9467"
"952","2016-07-26","34.95","65.7408"
"953","2016-07-25","34.95","64.9184"
"954","2016-07-24","34.95","64.627"
"955","2016-07-23","34.95","64.627"
"956","2016-07-22","34.95","64.627"
"957","2016-07-21","34.95","63.7373"
"958","2016-07-20","34.95","63.4183"
"959","2016-07-19","34.95","62.9891"
"960","2016-07-18","34.95","63.1154"
"961","2016-07-17","34.95","63.1697"
"962","2016-07-16","34.95","63.1697"
"963","2016-07-15","34.95","63.1697"
"964","2016-07-14","34.95","63.5773"
"965","2016-07-13","34.94","63.8531"
"966","2016-07-12","34.93","63.9029"
"967","2016-07-11","34.92","64.2024"
"968","2016-07-10","34.91","64.2488"
"969","2016-07-09","34.9","64.2488"
"970","2016-07-08","34.89","64.2488"
"971","2016-07-07","34.88","64.05"
"972","2016-07-06","34.87","64.6304"
"973","2016-07-05","34.86","64.2676"
"974","2016-07-04","34.85","63.6844"
"975","2016-07-03","34.84","64.0165"
"976","2016-07-02","34.83","64.0165"
"977","2016-07-01","34.82","64.0165"
"978","2016-06-30","34.81","64.1755"
"979","2016-06-29","34.8","64.2575"
"980","2016-06-28","34.79","64.8095"
"981","2016-06-27","34.78","65.0588"
"982","2016-06-26","34.77","65.5287"
"983","2016-06-25","34.76","65.5287"
"984","2016-06-24","34.75","65.5287"
"985","2016-06-23","34.74","64.3212"
"986","2016-06-22","34.73","63.7162"
"987","2016-06-21","34.72","64.1743"
"988","2016-06-20","34.71","64.1509"
"989","2016-06-19","34.7","65.4398"
"990","2016-06-18","34.69","65.4398"
"991","2016-06-17","34.68","65.4398"
"992","2016-06-16","34.67","65.8618"
"993","2016-06-15","34.66","65.9156"
"994","2016-06-14","34.65","66.0306"
"995","2016-06-13","34.64","64.7077"
"996","2016-06-12","34.63","64.7077"
"997","2016-06-11","34.62","64.7077"
"998","2016-06-10","34.61","64.7077"
"999","2016-06-09","34.6","63.7402"
"1000","2016-06-08","34.59","64.6797"
"1001","2016-06-07","34.58","65.2089"
"1002","2016-06-06","34.57","65.7894"
"1003","2016-06-05","34.56","66.8529"
"1004","2016-06-04","34.55","66.8529"
"1005","2016-06-03","34.54","66.8529"
"1006","2016-06-02","34.53","66.7491"
"1007","2016-06-01","34.52","66.6156"
"1008","2016-05-31","34.51","65.9962"
"1009","2016-05-30","34.45","66.0825"
"1010","2016-05-29","34.45","66.0413"
"1011","2016-05-28","34.45","66.0413"
"1012","2016-05-27","34.45","66.0413"
"1013","2016-05-26","34.45","65.2062"
"1014","2016-05-25","34.45","65.8949"
"1015","2016-05-24","34.45","67.0493"
"1016","2016-05-23","34.45","67.0475"
"1017","2016-05-22","34.45","66.3775"
"1018","2016-05-21","34.45","66.3775"
"1019","2016-05-20","34.45","66.3775"
"1020","2016-05-19","34.45","66.211"
"1021","2016-05-18","34.45","65.0641"
"1022","2016-05-17","34.45","64.5138"
"1023","2016-05-16","34.45","64.8895"
"1024","2016-05-15","34.45","64.9306"
"1025","2016-05-14","34.45","64.9306"
"1026","2016-05-13","34.45","64.9306"
"1027","2016-05-12","34.45","64.9607"
"1028","2016-05-11","34.45","66.2428"
"1029","2016-05-10","34.45","66.3277"
"1030","2016-05-09","34.45","66.1928"
"1031","2016-05-08","34.45","66.1928"
"1032","2016-05-07","34.45","66.1928"
"1033","2016-05-06","34.45","66.1928"
"1034","2016-05-05","34.45","65.8918"
"1035","2016-05-04","34.45","66.1718"
"1036","2016-05-03","34.45","64.3334"
"1037","2016-05-02","34.45","64.3334"
"1038","2016-05-01","34.45","64.3334"
"1039","2016-04-30","34.45","64.3334"
"1040","2016-04-29","34.458","64.3334"
"1041","2016-04-28","34.466","65.1133"
"1042","2016-04-27","34.474","65.1618"
"1043","2016-04-26","34.482","66.4559"
"1044","2016-04-25","34.49","66.6295"
"1045","2016-04-24","34.498","66.2198"
"1046","2016-04-23","34.506","66.2198"
"1047","2016-04-22","34.514","66.2198"
"1048","2016-04-21","34.522","65.0254"
"1049","2016-04-20","34.53","66.0364"
"1050","2016-04-19","34.538","65.6474"
"1051","2016-04-18","34.546","68.2724"
"1052","2016-04-17","34.554","66.0452"
"1053","2016-04-16","34.562","66.0452"
"1054","2016-04-15","34.57","66.0452"
"1055","2016-04-14","34.578","66.4954"
"1056","2016-04-13","34.586","65.7662"
"1057","2016-04-12","34.594","66.3456"
"1058","2016-04-11","34.602","67.125"
"1059","2016-04-10","34.61","67.4662"
"1060","2016-04-09","34.618","67.4662"
"1061","2016-04-08","34.626","67.4662"
"1062","2016-04-07","34.634","67.796"
"1063","2016-04-06","34.642","68.5215"
"1064","2016-04-05","34.65","68.8901"
"1065","2016-04-04","34.658","68.6753"
"1066","2016-04-03","34.666","67.141"
"1067","2016-04-02","34.674","67.141"
"1068","2016-04-01","34.682","67.141"
"1069","2016-03-31","34.69","67.8552"
"1070","2016-03-30","34.698","67.6076"
"1071","2016-03-29","34.706","68.7549"
"1072","2016-03-28","34.714","67.7807"
"1073","2016-03-27","34.722","68.4346"
"1074","2016-03-26","34.73","68.4346"
"1075","2016-03-25","34.738","68.4346"
"1076","2016-03-24","34.746","68.9328"
"1077","2016-03-23","34.754","67.6409"
"1078","2016-03-22","34.762","67.7764"
"1079","2016-03-21","34.77","68.8086"
"1080","2016-03-20","34.778","68.4026"
"1081","2016-03-19","34.786","68.4026"
"1082","2016-03-18","34.794","68.4026"
"1083","2016-03-17","34.802","68.5598"
"1084","2016-03-16","34.81","71.0256"
"1085","2016-03-15","34.818","70.5408"
"1086","2016-03-14","34.826","70.1542"
"1087","2016-03-13","34.834","70.3067"
"1088","2016-03-12","34.842","70.3067"
"1089","2016-03-11","34.85","70.3067"
"1090","2016-03-10","34.858","71.0928"
"1091","2016-03-09","34.866","72.3775"
"1092","2016-03-08","34.874","73.1854"
"1093","2016-03-07","34.882","73.1854"
"1094","2016-03-06","34.89","73.1854"
"1095","2016-03-05","34.898","73.1854"
"1096","2016-03-04","34.906","73.1854"
"1097","2016-03-03","34.914","73.8242"
"1098","2016-03-02","34.922","73.6256"
"1099","2016-03-01","34.93","74.0536"
"1100","2016-02-29","34.938","75.8994"
"1101","2016-02-28","34.946","75.0903"
"1102","2016-02-27","34.954","75.0903"
"1103","2016-02-26","34.962","75.0903"
"1104","2016-02-25","34.97","76.3929"
"1105","2016-02-24","34.978","76.3928"
"1106","2016-02-23","34.986","77.1326"
"1107","2016-02-22","34.994","77.1326"
"1108","2016-02-21","35.002","77.1326"
"1109","2016-02-20","35.01","77.1326"
"1110","2016-02-19","35.018","76.3657"
"1111","2016-02-18","35.026","75.4575"
"1112","2016-02-17","35.034","77.8503"
"1113","2016-02-16","35.042","76.245"
"1114","2016-02-15","35.05","77.7792"
"1115","2016-02-14","35.058","79.4951"
"1116","2016-02-13","35.066","79.4951"
"1117","2016-02-12","35.074","79.4951"
"1118","2016-02-11","35.082","79.1144"
"1119","2016-02-10","35.09","79.0689"
"1120","2016-02-09","35.098","78.6805"
"1121","2016-02-08","35.106","76.8614"
"1122","2016-02-07","35.114","77.3409"
"1123","2016-02-06","35.122","77.3409"
"1124","2016-02-05","35.13","77.3409"
"1125","2016-02-04","35.138","76.4609"
"1126","2016-02-03","35.146","79.2593"
"1127","2016-02-02","35.154","77.9273"
"1128","2016-02-01","35.162","76.3264"
"1129","2016-01-31","35.17","75.1723"
"1130","2016-01-30","35.22","75.1723"
"1131","2016-01-29","35.22","75.1723"
"1132","2016-01-28","35.22","77.3674"
"1133","2016-01-27","35.22","78.9969"
"1134","2016-01-26","35.22","81.8394"
"1135","2016-01-25","35.22","77.7965"
"1136","2016-01-24","35.22","80.5714"
"1137","2016-01-23","35.22","80.5714"
"1138","2016-01-22","35.22","80.5714"
"1139","2016-01-21","35.22","83.5913"
"1140","2016-01-20","35.22","79.4614"
"1141","2016-01-19","35.22","78.4862"
"1142","2016-01-18","35.22","78.6678"
"1143","2016-01-17","35.22","76.565"
"1144","2016-01-16","35.22","76.565"
"1145","2016-01-15","35.22","76.565"
"1146","2016-01-14","35.22","76.523"
"1147","2016-01-13","35.22","76.4275"
"1148","2016-01-12","35.22","76.6041"
"1149","2016-01-11","35.22","75.9507"
"1150","2016-01-10","35.22","72.9299"
"1151","2016-01-09","35.22","72.9299"
"1152","2016-01-08","35.22","72.9299"
"1153","2016-01-07","35.22","72.9299"
"1154","2016-01-06","35.22","72.9299"
"1155","2016-01-05","35.22","72.9299"
"1156","2016-01-04","35.22","72.9299"
"1157","2016-01-03","35.22","72.9299"
"1158","2016-01-02","35.22","72.9299"
"1159","2016-01-01","35.22","72.9299"
"1160","2015-12-31","35.22","72.9299"
"1161","2015-12-30","35.22","72.8827"
"1162","2015-12-29","35.22","72.5066"
"1163","2015-12-28","35.22","70.7865"
"1164","2015-12-27","35.22","70.269"
"1165","2015-12-26","35.22","70.269"
"1166","2015-12-25","35.22","70.269"
"1167","2015-12-24","35.22","69.5165"
"1168","2015-12-23","35.22","70.9333"
"1169","2015-12-22","35.22","71.1211"
"1170","2015-12-21","35.22","71.2553"
"1171","2015-12-20","35.22","71.3215"
"1172","2015-12-19","35.22","71.3215"
"1173","2015-12-18","35.22","71.3215"
"1174","2015-12-17","35.22","70.5806"
"1175","2015-12-16","35.22","70.4012"
"1176","2015-12-15","35.22","70.8295"
"1177","2015-12-14","35.22","70.2244"
"1178","2015-12-13","35.22","69.1755"
"1179","2015-12-12","35.22","69.1755"
"1180","2015-12-11","35.22","69.1755"
"1181","2015-12-10","35.22","69.2151"
"1182","2015-12-09","35.22","69.2"
"1183","2015-12-08","35.22","69.3026"
"1184","2015-12-07","35.22","68.5156"
"1185","2015-12-06","35.22","67.6698"
"1186","2015-12-05","35.22","67.6698"
"1187","2015-12-04","35.22","67.6698"
"1188","2015-12-03","35.22","67.7691"
"1189","2015-12-02","35.22","66.7402"
"1190","2015-12-01","35.22","66.2584"
"1191","2015-11-30","35.22","66.737"
"1192","2015-11-29","35.21","66.2393"
"1193","2015-11-28","35.2","66.2393"
"1194","2015-11-27","35.19","66.2393"
"1195","2015-11-26","35.18","65.6836"
"1196","2015-11-25","35.17","65.4789"
"1197","2015-11-24","35.16","65.621"
"1198","2015-11-23","35.15","65.5973"
"1199","2015-11-22","35.14","64.8673"
"1200","2015-11-21","35.13","64.8673"
"1201","2015-11-20","35.12","64.8673"
"1202","2015-11-19","35.11","64.912"
"1203","2015-11-18","35.1","64.7785"
"1204","2015-11-17","35.09","65.4799"
"1205","2015-11-16","35.08","66.4607"
"1206","2015-11-15","35.07","66.6343"
"1207","2015-11-14","35.06","66.6343"
"1208","2015-11-13","35.05","66.6343"
"1209","2015-11-12","35.04","65.4541"
"1210","2015-11-11","35.03","64.5693"
"1211","2015-11-10","35.02","64.3908"
"1212","2015-11-09","35.01","64.6606"
"1213","2015-11-08","35","63.6832"
"1214","2015-11-07","34.99","63.6832"
"1215","2015-11-06","34.98","63.6832"
"1216","2015-11-05","34.97","63.3991"
"1217","2015-11-04","34.96","63.8525"
"1218","2015-11-03","34.95","63.8525"
"1219","2015-11-02","34.94","63.7993"
"1220","2015-11-01","34.93","64.3742"
"1221","2015-10-31","34.92","64.3742"
"1222","2015-10-30","34.91","64.3742"
"1223","2015-10-29","34.9","64.1686"
"1224","2015-10-28","34.89","65.3159"
"1225","2015-10-27","34.88","63.5004"
"1226","2015-10-26","34.87","62.5038"
"1227","2015-10-25","34.86","61.9286"
"1228","2015-10-24","34.85","61.9286"
"1229","2015-10-23","34.84","61.9286"
"1230","2015-10-22","34.83","62.7888"
"1231","2015-10-21","34.82","62.6309"
"1232","2015-10-20","34.81","62.162"
"1233","2015-10-19","34.8","61.4419"
"1234","2015-10-18","34.79","61.3587"
"1235","2015-10-17","34.78","61.3587"
"1236","2015-10-16","34.77","61.3587"
"1237","2015-10-15","34.76","62.2433"
"1238","2015-10-14","34.75","63.1248"
"1239","2015-10-13","34.74","62.2237"
"1240","2015-10-12","34.73","61.1535"
"1241","2015-10-11","34.72","61.2967"
"1242","2015-10-10","34.71","61.2967"
"1243","2015-10-09","34.7","61.2967"
"1244","2015-10-08","34.69","62.2942"
"1245","2015-10-07","34.68","62.7061"
"1246","2015-10-06","34.67","65.0962"
"1247","2015-10-05","34.66","65.6248"
"1248","2015-10-04","34.65","65.9414"
"1249","2015-10-03","34.64","65.9414"
"1250","2015-10-02","34.63","65.9414"
"1251","2015-10-01","34.62","65.0336"
"1252","2015-09-30","34.61","65.7364"
"1253","2015-09-29","34.58","66.2367"
"1254","2015-09-28","34.58","65.547"
"1255","2015-09-27","34.58","65.6727"
"1256","2015-09-26","34.58","65.6727"
"1257","2015-09-25","34.58","65.6727"
"1258","2015-09-24","34.58","66.5151"
"1259","2015-09-23","34.58","66.041"
"1260","2015-09-22","34.58","66.1747"
"1261","2015-09-21","34.58","66.1455"
"1262","2015-09-20","34.58","65.6445"
"1263","2015-09-19","34.58","65.6445"
"1264","2015-09-18","34.58","65.6445"
"1265","2015-09-17","34.58","65.3623"
"1266","2015-09-16","34.58","65.9273"
"1267","2015-09-15","34.58","67.1574"
"1268","2015-09-14","34.58","67.9571"
"1269","2015-09-13","34.58","68.0093"
"1270","2015-09-12","34.58","68.0093"
"1271","2015-09-11","34.58","68.0093"
"1272","2015-09-10","34.58","68.4961"
"1273","2015-09-09","34.58","67.6219"
"1274","2015-09-08","34.58","68.7932"
"1275","2015-09-07","34.58","68.4864"
"1276","2015-09-06","34.58","67.685"
"1277","2015-09-05","34.58","67.685"
"1278","2015-09-04","34.58","67.685"
"1279","2015-09-03","34.58","67.0102"
"1280","2015-09-02","34.58","66.6756"
"1281","2015-09-01","34.58","65.3495"
"1282","2015-08-31","34.58","66.7152"
"1283","2015-08-30","34.54","66.4779"
"1284","2015-08-29","34.5","66.4779"
"1285","2015-08-28","34.5","66.4779"
"1286","2015-08-27","34.5","67.4473"
"1287","2015-08-26","34.5","69.3142"
"1288","2015-08-25","34.5","69.9461"
"1289","2015-08-24","34.5","70.7465"
"1290","2015-08-23","34.5","68.1216"
"1291","2015-08-22","34.5","68.1216"
"1292","2015-08-21","34.5","68.1216"
"1293","2015-08-20","34.5","66.9608"
"1294","2015-08-19","34.5","65.7222"
"1295","2015-08-18","34.5","65.8289"
"1296","2015-08-17","34.5","65.5034"
"1297","2015-08-16","34.5","64.9363"
"1298","2015-08-15","34.5","64.9363"
"1299","2015-08-14","34.5","64.9363"
"1300","2015-08-13","34.5","63.9988"
"1301","2015-08-12","34.5","65.0169"
"1302","2015-08-11","34.5","63.2098"
"1303","2015-08-10","34.5","64.4977"
"1304","2015-08-09","34.5","63.8399"
"1305","2015-08-08","34.5","63.8399"
"1306","2015-08-07","34.5","63.8399"
"1307","2015-08-06","34.5","63.8644"
"1308","2015-08-05","34.5","62.7184"
"1309","2015-08-04","34.5","62.9182"
"1310","2015-08-03","34.5","62.4677"
"1311","2015-08-02","34.5","60.3458"
"1312","2015-08-01","34.5","60.3458"
"1313","2015-07-31","34.5","60.3458"
"1314","2015-07-30","34.55","58.9906"
"1315","2015-07-29","34.54","59.7665"
"1316","2015-07-28","34.53","60.2231"
"1317","2015-07-27","34.52","58.7816"
"1318","2015-07-26","34.51","58.0374"
"1319","2015-07-25","34.5","58.0374"
"1320","2015-07-24","34.49","58.0374"
"1321","2015-07-23","34.48","57.3578"
"1322","2015-07-22","34.47","57.0232"
"1323","2015-07-21","34.46","57.0025"
"1324","2015-07-20","34.45","56.8336"
"1325","2015-07-19","34.44","56.8423"
"1326","2015-07-18","34.43","56.8423"
"1327","2015-07-17","34.42","56.8423"
"1328","2015-07-16","34.41","56.9504"
"1329","2015-07-15","34.4","56.6642"
"1330","2015-07-14","34.39","56.9774"
"1331","2015-07-13","34.38","56.6079"
"1332","2015-07-12","34.37","56.6685"
"1333","2015-07-11","34.36","56.6685"
"1334","2015-07-10","34.35","56.6685"
"1335","2015-07-09","34.34","56.9803"
"1336","2015-07-08","34.33","57.2174"
"1337","2015-07-07","34.32","57.2192"
"1338","2015-07-06","34.31","56.4112"
"1339","2015-07-05","34.3","55.6049"
"1340","2015-07-04","34.29","55.6049"
"1341","2015-07-03","34.28","55.6049"
"1342","2015-07-02","34.27","55.6555"
"1343","2015-07-01","34.26","55.4756"
"1344","2015-06-30","34.25","55.8413"
"1345","2015-06-29","34.24","55.524"
"1346","2015-06-28","34.23","54.8126"
"1347","2015-06-27","34.22","54.8126"
"1348","2015-06-26","34.21","54.8126"
"1349","2015-06-25","34.2","54.6026"
"1350","2015-06-24","34.19","54.0746"
"1351","2015-06-23","34.18","54.2081"
"1352","2015-06-22","34.17","53.5569"
"1353","2015-06-21","34.11","53.8006"
"1354","2015-06-20","34.11","53.8006"
"1355","2015-06-19","34.11","53.8006"
"1356","2015-06-18","34.11","53.3301"
"1357","2015-06-17","34.11","53.8999"
"1358","2015-06-16","34.11","54.0409"
"1359","2015-06-15","34.11","55.2679"
"1360","2015-06-14","34.11","54.5285"
"1361","2015-06-13","34.11","54.5285"
"1362","2015-06-12","34.11","54.5285"
"1363","2015-06-11","34.11","54.5285"
"1364","2015-06-10","34.11","54.8219"
"1365","2015-06-09","34.11","55.91"
"1366","2015-06-08","34.11","56.0435"
"1367","2015-06-07","34.11","56.2463"
"1368","2015-06-06","34.11","56.2463"
"1369","2015-06-05","34.11","56.2463"
"1370","2015-06-04","34.11","54.9908"
"1371","2015-06-03","34.11","53.059"
"1372","2015-06-02","34.11","53.4413"
"1373","2015-06-01","34.11","52.8213"
"1374","2015-05-31","34.11","52.9716"
"1375","2015-05-30","34.11","52.9716"
"1376","2015-05-29","34.11","52.9716"
"1377","2015-05-28","34.11","52.2907"
"1378","2015-05-27","34.11","51.0178"
"1379","2015-05-26","34.11","50.3223"
"1380","2015-05-25","34.11","49.8613"
"1381","2015-05-24","34.11","49.7901"
"1382","2015-05-23","34.11","49.7901"
"1383","2015-05-22","34.11","49.7901"
"1384","2015-05-21","34.11","49.9204"
"1385","2015-05-20","34.11","49.7919"
"1386","2015-05-19","34.11","49.1777"
"1387","2015-05-18","34.11","49.2175"
"1388","2015-05-17","34.11","50.0115"
"1389","2015-05-16","34.11","50.0115"
"1390","2015-05-15","34.11","50.0115"
"1391","2015-05-14","34.11","50.0774"
"1392","2015-05-13","34.11","49.5366"
"1393","2015-05-12","34.11","50.914"
"1394","2015-05-11","34.11","50.7511"
"1395","2015-05-10","34.11","50.7511"
"1396","2015-05-09","34.11","50.7511"
"1397","2015-05-08","34.11","50.7511"
"1398","2015-05-07","34.11","50.3615"
"1399","2015-05-06","34.11","49.9816"
"1400","2015-05-05","34.11","51.7574"
"1401","2015-05-04","34.11","51.1388"
"1402","2015-05-03","34.11","51.1388"
"1403","2015-05-02","34.11","51.1388"
"1404","2015-05-01","34.11","51.1388"
"1405","2015-04-30","34.11","51.1388"
"1406","2015-04-29","34.11","51.7029"
"1407","2015-04-28","34.11","52.3041"
"1408","2015-04-27","34.11","51.469"
"1409","2015-04-26","34.11","50.2473"
"1410","2015-04-25","34.11","50.2473"
"1411","2015-04-24","34.11","50.2473"
"1412","2015-04-23","34.11","51.6011"
"1413","2015-04-22","34.21","53.6555"
"1414","2015-04-21","34.21","53.9728"
"1415","2015-04-20","34.21","51.5207"
"1416","2015-04-19","34.21","50.5295"
"1417","2015-04-18","34.21","50.5295"
"1418","2015-04-17","34.21","50.5295"
"1419","2015-04-16","34.21","49.6749"
"1420","2015-04-15","34.21","50.5033"
"1421","2015-04-14","34.21","51.9749"
"1422","2015-04-13","34.21","52.422"
"1423","2015-04-12","34.21","51.0678"
"1424","2015-04-11","34.21","51.0678"
"1425","2015-04-10","34.21","51.0678"
"1426","2015-04-09","34.21","52.5424"
"1427","2015-04-08","34.21","54.027"
"1428","2015-04-07","34.21","55.3328"
"1429","2015-04-06","34.21","56.5161"
"1430","2015-04-05","34.21","56.7534"
"1431","2015-04-04","34.21","56.7534"
"1432","2015-04-03","34.21","56.7534"
"1433","2015-04-02","34.21","56.9902"
"1434","2015-04-01","34.21","58.3536"
"1435","2015-03-31","34.21","57.65"
"1436","2015-03-30","34.21","58.4643"
"1437","2015-03-29","34.21","57.7279"
"1438","2015-03-28","34.21","57.7279"
"1439","2015-03-27","34.195","57.7279"
"1440","2015-03-26","34.18","56.4271"
"1441","2015-03-25","34.165","57.3879"
"1442","2015-03-24","34.15","58.771"
"1443","2015-03-23","34.135","59.4452"
"1444","2015-03-22","34.12","60.0341"
"1445","2015-03-21","34.105","60.0341"
"1446","2015-03-20","34.09","60.0341"
"1447","2015-03-19","34.075","59.8308"
"1448","2015-03-18","34.06","61.3483"
"1449","2015-03-17","34.045","61.751"
"1450","2015-03-16","34.03","62.1497"
"1451","2015-03-15","34.015","61.3167"
"1452","2015-03-14","34","61.3167"
"1453","2015-03-13","34","61.3167"
"1454","2015-03-12","34","60.9595"
"1455","2015-03-11","34","62.6797"
"1456","2015-03-10","34","60.6649"
"1457","2015-03-09","34","59.9938"
"1458","2015-03-08","34","59.9938"
"1459","2015-03-07","34","59.9938"
"1460","2015-03-06","34","59.9938"
"1461","2015-03-05","34","61.8457"
"1462","2015-03-04","34","61.8745"
"1463","2015-03-03","34","62.3649"
"1464","2015-03-02","34","62.2248"
"1465","2015-03-01","34","61.2718"
"1466","2015-02-28","34","61.2718"
"1467","2015-02-27","34","61.2718"
"1468","2015-02-26","34","60.7109"
"1469","2015-02-25","34","62.5906"
"1470","2015-02-24","34","63.5083"
"1471","2015-02-23","34","61.7235"
"1472","2015-02-22","34","61.7235"
"1473","2015-02-21","34","61.7235"
"1474","2015-02-20","34","61.7235"
"1475","2015-02-19","34","62.1307"
"1476","2015-02-18","34","62.4001"
"1477","2015-02-17","34","62.8353"
"1478","2015-02-16","34","62.6632"
"1479","2015-02-15","34","65.0862"
"1480","2015-02-14","34","65.0862"
"1481","2015-02-13","34","65.0862"
"1482","2015-02-12","34","66.0994"
"1483","2015-02-11","34","66.0585"
"1484","2015-02-10","34","65.4469"
"1485","2015-02-09","34","65.7817"
"1486","2015-02-08","34","66.0432"
"1487","2015-02-07","34.01","66.0432"
"1488","2015-02-06","34.02","66.0432"
"1489","2015-02-05","34.03","68.6113"
"1490","2015-02-04","34.04","65.447"
"1491","2015-02-03","34.05","67.7727"
"1492","2015-02-02","34.06","69.664"
"1493","2015-02-01","34.07","68.9291"
"1494","2015-01-31","34.08","68.9291"
"1495","2015-01-30","34.09","68.9291"
"1496","2015-01-29","34.1","68.7303"
"1497","2015-01-28","34.11","67.1506"
"1498","2015-01-27","34.12","67.8153"
"1499","2015-01-26","34.13","65.5937"
"1500","2015-01-25","34.14","63.393"
"1501","2015-01-24","34.15","63.393"
"1502","2015-01-23","34.16","63.393"
"1503","2015-01-22","34.17","65.4"
"1504","2015-01-21","34.18","65.5558"
"1505","2015-01-20","34.19","64.9862"
"1506","2015-01-19","34.2","64.9732"
"1507","2015-01-18","34.19","65.1738"
"1508","2015-01-17","34.18","65.1738"
"1509","2015-01-16","34.17","65.1738"
"1510","2015-01-15","34.16","64.8337"
"1511","2015-01-14","34.15","66.0983"
"1512","2015-01-13","34.14","64.8425"
"1513","2015-01-12","34.13","62.7363"
"1514","2015-01-11","34.12","56.2376"
"1515","2015-01-10","34.11","56.2376"
"1516","2015-01-09","34.1","56.2376"
"1517","2015-01-08","34.09","56.2376"
"1518","2015-01-07","34.08","56.2376"
"1519","2015-01-06","34.07","56.2376"
"1520","2015-01-05","34.06","56.2376"
"1521","2015-01-04","34.05","56.2376"
"1522","2015-01-03","34.04","56.2376"
"1523","2015-01-02","34.03","56.2376"
"1524","2015-01-01","34.02","56.2376"
"1525","2014-12-31","34.01","56.2376"
"1526","2014-12-30","34","56.2584"
"1527","2014-12-29","34","56.6801"
"1528","2014-12-28","34","52.0343"
"1529","2014-12-27","34","52.0343"
"1530","2014-12-26","34","52.0343"
"1531","2014-12-25","34","52.6159"
"1532","2014-12-24","34","54.4913"
"1533","2014-12-23","34","54.5687"
"1534","2014-12-22","34","56.494"
"1535","2014-12-21","34","60.6825"
"1536","2014-12-20","34","60.6825"
"1537","2014-12-19","34","60.6825"
"1538","2014-12-18","34","59.6029"
"1539","2014-12-17","34","67.7851"
"1540","2014-12-16","34","61.1512"
"1541","2014-12-15","34","58.3461"
"1542","2014-12-14","34","56.8919"
"1543","2014-12-13","33.985","56.8919"
"1544","2014-12-12","33.97","56.8919"
"1545","2014-12-11","33.955","54.7932"
"1546","2014-12-10","33.94","54.2758"
"1547","2014-12-09","33.925","54.2116"
"1548","2014-12-08","33.91","53.3079"
"1549","2014-12-07","33.895","53.1088"
"1550","2014-12-06","33.88","53.1088"
"1551","2014-12-05","33.865","53.1088"
"1552","2014-12-04","33.85","52.6932"
"1553","2014-12-03","33.835","54.3821"
"1554","2014-12-02","33.82","50.7678"
"1555","2014-12-01","33.805","51.8068"
"1556","2014-11-30","33.79","49.322"
"1557","2014-11-29","33.775","49.322"
"1558","2014-11-28","33.76","49.322"
"1559","2014-11-27","33.745","47.6629"
"1560","2014-11-26","33.73","46.4244"
"1561","2014-11-25","33.715","44.9758"
"1562","2014-11-24","33.7","44.7852"
"1563","2014-11-23","33.685","45.7926"
"1564","2014-11-22","33.67","45.7926"
"1565","2014-11-21","33.655","45.7926"
"1566","2014-11-20","33.64","46.7047"
"1567","2014-11-19","33.625","47.0294"
"1568","2014-11-18","33.61","46.9797"
"1569","2014-11-17","33.595","47.3329"
"1570","2014-11-16","33.58","47.392"
"1571","2014-11-15","33.565","47.392"
"1572","2014-11-14","33.55","47.392"
"1573","2014-11-13","33.535","46.1233"
"1574","2014-11-12","33.52","46.3379"
"1575","2014-11-11","33.505","45.952"
"1576","2014-11-10","33.49","45.8926"
"1577","2014-11-09","33.475","47.8774"
"1578","2014-11-08","33.46","47.8774"
"1579","2014-11-07","33.445","47.8774"
"1580","2014-11-06","33.43","45.1854"
"1581","2014-11-05","33.415","44.3993"
"1582","2014-11-04","33.4","41.9627"
"1583","2014-11-03","33.385","41.9627"
"1584","2014-11-02","33.37","41.9627"
"1585","2014-11-01","33.355","41.9627"
"1586","2014-10-31","33.34","41.9627"
"1587","2014-10-30","33.325","43.3943"
"1588","2014-10-29","33.31","42.6525"
"1589","2014-10-28","33.295","42.3934"
"1590","2014-10-27","33.28","41.9497"
"1591","2014-10-26","33.265","41.8101"
"1592","2014-10-25","33.25","41.8101"
"1593","2014-10-24","33.235","41.8101"
"1594","2014-10-23","33.22","41.4958"
"1595","2014-10-22","33.205","40.9671"
"1596","2014-10-21","33.19","41.0501"
"1597","2014-10-20","33.175","40.8815"
"1598","2014-10-19","33.16","41.045"
"1599","2014-10-18","33.145","41.045"
"1600","2014-10-17","33.13","41.045"
"1601","2014-10-16","33.115","40.7457"
"1602","2014-10-15","33.1","40.9416"
"1603","2014-10-14","33.1","40.5304"
"1604","2014-10-13","33","40.3251"
"1605","2014-10-12","33","40.2125"
"1606","2014-10-11","33","40.2125"
"1607","2014-10-10","33","40.2125"
"1608","2014-10-09","33","39.98"
"1609","2014-10-08","33","39.9819"
"1610","2014-10-07","33","39.7417"
"1611","2014-10-06","33","39.982"
"1612","2014-10-05","33","39.698"
"1613","2014-10-04","33","39.698"
"1614","2014-10-03","33","39.698"
"1615","2014-10-02","33","39.5474"
"1616","2014-10-01","33","39.6604"
"1617","2014-09-30","33","39.3836"
"1618","2014-09-29","33","39.3866"
"1619","2014-09-28","33","38.7243"
"1620","2014-09-27","33","38.7243"
"1621","2014-09-26","33","38.7243"
"1622","2014-09-25","33","38.3007"
"1623","2014-09-24","33","38.383"
"1624","2014-09-23","33","38.6672"
"1625","2014-09-22","33","38.5782"
"1626","2014-09-21","33","38.4134"
"1627","2014-09-20","33","38.4134"
"1628","2014-09-19","33","38.4134"
"1629","2014-09-18","33","38.4209"
"1630","2014-09-17","33","38.3724"
"1631","2014-09-16","33","38.7058"
"1632","2014-09-15","33","37.9861"
"1633","2014-09-14","33","37.6545"
"1634","2014-09-13","33","37.6545"
"1635","2014-09-12","33","37.6545"
"1636","2014-09-11","33","37.3758"
"1637","2014-09-10","33","37.1693"
"1638","2014-09-09","33","37.0261"
"1639","2014-09-08","33","37.0866"
"1640","2014-09-07","33","36.9219"
"1641","2014-09-06","33","36.9219"
"1642","2014-09-05","33","36.9219"
"1643","2014-09-04","33","36.8038"
"1644","2014-09-03","33","37.3183"
"1645","2014-09-02","33","37.348"
"1646","2014-09-01","33","37.2945"
"1647","2014-08-31","32.9","36.9316"
"1648","2014-08-30","32.896","36.9316"
"1649","2014-08-29","32.892","36.9316"
"1650","2014-08-28","32.888","36.3053"
"1651","2014-08-27","32.884","36.1397"
"1652","2014-08-26","32.88","36.1358"
"1653","2014-08-25","32.876","36.1201"
"1654","2014-08-24","32.872","36.0027"
"1655","2014-08-23","32.868","36.0027"
"1656","2014-08-22","32.864","36.0027"
"1657","2014-08-21","32.86","36.3317"
"1658","2014-08-20","32.856","36.224"
"1659","2014-08-19","32.852","36.1094"
"1660","2014-08-18","32.848","36.0294"
"1661","2014-08-17","32.844","36.0014"
"1662","2014-08-16","32.84","36.0014"
"1663","2014-08-15","32.836","36.0014"
"1664","2014-08-14","32.832","36.0395"
"1665","2014-08-13","32.828","36.2222"
"1666","2014-08-12","32.824","36.089"
"1667","2014-08-11","32.82","36.0475"
"1668","2014-08-10","32.816","36.4461"
"1669","2014-08-09","32.812","36.4461"
"1670","2014-08-08","32.808","36.4461"
"1671","2014-08-07","32.804","36.2496"
"1672","2014-08-06","32.8","36.1102"
"1673","2014-08-05","32.796","35.7987"
"1674","2014-08-04","32.792","35.6605"
"1675","2014-08-03","32.788","35.7272"
"1676","2014-08-02","32.784","35.7272"
"1677","2014-08-01","32.78","35.7272"
"1678","2014-07-31","32.776","35.4438"
"1679","2014-07-30","32.772","35.7271"
"1680","2014-07-29","32.768","35.6339"
"1681","2014-07-28","32.764","35.3457"
"1682","2014-07-27","32.76","35.0535"
"1683","2014-07-26","32.756","35.0535"
"1684","2014-07-25","32.752","35.0535"
"1685","2014-07-24","32.748","35.0786"
"1686","2014-07-23","32.744","34.8101"
"1687","2014-07-22","32.74","35.0387"
"1688","2014-07-21","32.736","35.09"
"1689","2014-07-20","32.732","35.1627"
"1690","2014-07-19","32.728","35.1627"
"1691","2014-07-18","32.724","35.1627"
"1692","2014-07-17","32.72","34.7998"
"1693","2014-07-16","32.716","34.3853"
"1694","2014-07-15","32.712","34.3723"
"1695","2014-07-14","32.708","34.3135"
"1696","2014-07-13","32.704","34.0582"
"1697","2014-07-12","32.7","34.0582"
"1698","2014-07-11","32.696","34.0582"
"1699","2014-07-10","32.692","33.8353"
"1700","2014-07-09","32.688","34.0758"
"1701","2014-07-08","32.684","34.4258"
"1702","2014-07-07","32.68","34.5691"
"1703","2014-07-06","32.676","34.3236"
"1704","2014-07-05","32.672","34.3236"
"1705","2014-07-04","32.7","34.3236"
"1706","2014-07-03","32.7","34.1949"
"1707","2014-07-02","32.7","34.2496"
"1708","2014-07-01","32.7","34.2275"
"1709","2014-06-30","32.7","33.8434"
"1710","2014-06-29","32.7","33.6306"
"1711","2014-06-28","32.7","33.6306"
"1712","2014-06-27","32.7","33.6306"
"1713","2014-06-26","32.7","33.7508"
"1714","2014-06-25","32.7","33.907"
"1715","2014-06-24","32.7","33.9812"
"1716","2014-06-23","32.7","34.2797"
"1717","2014-06-22","32.7","34.419"
"1718","2014-06-21","32.7","34.419"
"1719","2014-06-20","32.7","34.419"
"1720","2014-06-19","32.7","34.3025"
"1721","2014-06-18","32.7","34.8232"
"1722","2014-06-17","32.7","34.8095"
"1723","2014-06-16","32.7","34.5654"
"1724","2014-06-15","32.7","34.3227"
"1725","2014-06-14","32.7","34.3227"
"1726","2014-06-13","32.7","34.3227"
"1727","2014-06-12","32.7","34.3227"
"1728","2014-06-11","32.7","34.3227"
"1729","2014-06-10","32.7","34.3681"
"1730","2014-06-09","32.7","34.3303"
"1731","2014-06-08","32.7","34.6573"
"1732","2014-06-07","32.7","34.6573"
"1733","2014-06-06","32.7","34.6573"
"1734","2014-06-05","32.7","34.9043"
"1735","2014-06-04","32.7","35.1398"
"1736","2014-06-03","32.7","35.0115"
"1737","2014-06-02","32.7","34.8887"
"1738","2014-06-01","32.7","34.7352"
"1739","2014-05-31","32.7","34.7352"
"1740","2014-05-30","32.7","34.7352"
"1741","2014-05-29","32.7","34.6481"
"1742","2014-05-28","32.7","34.4895"
"1743","2014-05-27","32.7","34.2571"
"1744","2014-05-26","32.7","34.0771"
"1745","2014-05-25","32.7","34.3139"
"1746","2014-05-24","32.7","34.3139"
"1747","2014-05-23","32.7","34.3139"
"1748","2014-05-22","32.7","34.2802"
"1749","2014-05-21","32.7","34.5078"
"1750","2014-05-20","32.7","34.6007"
"1751","2014-05-19","32.7","34.7394"
"1752","2014-05-18","32.7","34.7794"
"1753","2014-05-17","32.7","34.7794"
"1754","2014-05-16","32.7","34.7794"
"1755","2014-05-15","32.7","34.7005"
"1756","2014-05-14","32.7","34.709"
"1757","2014-05-13","32.7","34.8789"
"1758","2014-05-12","32.7","35.2091"
"1759","2014-05-11","32.7","35.0343"
"1760","2014-05-10","32.7","35.0343"
"1761","2014-05-09","32.7","35.0343"
"1762","2014-05-08","32.7","35.0343"
"1763","2014-05-07","32.7","35.4971"
"1764","2014-05-06","32.7","35.655"
"1765","2014-05-05","32.7","35.8381"
"1766","2014-05-04","32.7","35.7227"
"1767","2014-05-03","32.7","35.7227"
"1768","2014-05-02","32.7","35.7227"
"1769","2014-05-01","32.7","35.7227"
"1770","2014-04-30","32.7","35.7227"
"1771","2014-04-29","32.7","35.6983"
"1772","2014-04-28","32.7","36.0245"
"1773","2014-04-27","32.7","35.9289"
"1774","2014-04-26","32.7","35.9289"
"1775","2014-04-25","32.7","35.9289"
"1776","2014-04-24","32.7","35.683"
"1777","2014-04-23","32.7","35.6625"
"1778","2014-04-22","32.7","35.6785"
"1779","2014-04-21","32.7","35.6688"
"1780","2014-04-20","32.7","35.5389"
"1781","2014-04-19","32.7","35.5389"
"1782","2014-04-18","32.7","35.5389"
"1783","2014-04-17","32.7","35.9287"
"1784","2014-04-16","32.7","36.0813"
"1785","2014-04-15","32.7","35.9635"
"1786","2014-04-14","32.7","35.989"
"1787","2014-04-13","32.7","35.6239"
"1788","2014-04-12","32.7","35.6239"
"1789","2014-04-11","32.7","35.6239"
"1790","2014-04-10","32.7","35.5581"
"1791","2014-04-09","32.7","35.7493"
"1792","2014-04-08","32.7","35.5475"
"1793","2014-04-07","32.7","35.4679"
"1794","2014-04-06","32.7","35.501"
"1795","2014-04-05","32.7","35.501"
"1796","2014-04-04","32.7","35.501"
"1797","2014-04-03","32.7","35.5154"
"1798","2014-04-02","32.7","35.2517"
"1799","2014-04-01","32.7","35.024"
"1800","2014-03-31","32.65","35.6053"
"1801","2014-03-30","32.66","35.6871"
"1802","2014-03-29","32.67","35.6871"
"1803","2014-03-28","32.68","35.6871"
"1804","2014-03-27","32.69","35.581"
"1805","2014-03-26","32.7","35.4494"
"1806","2014-03-25","32.71","35.9316"
"1807","2014-03-24","32.72","36.1663"
"1808","2014-03-23","32.73","36.4022"
"1809","2014-03-22","32.74","36.4022"
"1810","2014-03-21","32.75","36.4022"
"1811","2014-03-20","32.76","36.1081"
"1812","2014-03-19","32.77","36.207"
"1813","2014-03-18","32.78","36.4487"
"1814","2014-03-17","32.79","36.6505"
"1815","2014-03-16","32.8","36.6391"
"1816","2014-03-15","32.81","36.6391"
"1817","2014-03-14","32.82","36.6391"
"1818","2014-03-13","32.83","36.4566"
"1819","2014-03-12","32.84","36.4865"
"1820","2014-03-11","32.85","36.4015"
"1821","2014-03-10","32.86","36.2618"
"1822","2014-03-09","32.87","36.2618"
"1823","2014-03-08","32.88","36.2618"
"1824","2014-03-07","32.89","36.2618"
"1825","2014-03-06","32.9","36.1251"
"1826","2014-03-05","32.91","36.0849"
"1827","2014-03-04","32.92","36.3208"
"1828","2014-03-03","32.93","36.3784"
"1829","2014-03-02","32.94","36.1847"
"1830","2014-03-01","32.95","36.1847"
"1831","2014-02-28","32.96","36.1847"
"1832","2014-02-27","32.9","36.0501"
"1833","2014-02-26","32.91","35.7872"
"1834","2014-02-25","32.92","35.5669"
"1835","2014-02-24","32.93","35.5112"
"1836","2014-02-23","32.94","35.6828"
"1837","2014-02-22","32.95","35.6828"
"1838","2014-02-21","32.96","35.6828"
"1839","2014-02-20","32.97","35.767"
"1840","2014-02-19","32.98","35.5857"
"1841","2014-02-18","32.99","35.2386"
"1842","2014-02-17","33","35.0976"
"1843","2014-02-16","33.01","35.2559"
"1844","2014-02-15","33.02","35.2559"
"1845","2014-02-14","33.03","35.2559"
"1846","2014-02-13","33","34.8611"
"1847","2014-02-12","33","34.7595"
"1848","2014-02-11","33","34.7964"
"1849","2014-02-10","33","34.7636"
"1850","2014-02-09","33","34.6044"
"1851","2014-02-08","33","34.6044"
"1852","2014-02-07","33","34.6044"
"1853","2014-02-06","33","34.7287"
"1854","2014-02-05","33","34.9592"
"1855","2014-02-04","33","35.4502"
"1856","2014-02-03","33","35.2347"
"1857","2014-02-02","33","35.18"
"1858","2014-02-01","33","35.18"
"1859","2014-01-31","33","35.18"
"1860","2014-01-30","32.99","35.2448"
"1861","2014-01-29","32.98","34.5633"
"1862","2014-01-28","32.97","34.625"
"1863","2014-01-27","32.96","34.7093"
"1864","2014-01-26","32.95","34.26"
"1865","2014-01-25","32.94","34.26"
"1866","2014-01-24","32.93","34.26"
"1867","2014-01-23","32.92","34.0334"
"1868","2014-01-22","32.91","33.8688"
"1869","2014-01-21","32.9","33.8161"
"1870","2014-01-20","32.89","33.6429"
"1871","2014-01-19","32.88","33.4343"
"1872","2014-01-18","32.87","33.4343"
"1873","2014-01-17","32.86","33.4343"
"1874","2014-01-16","32.85","33.4013"
"1875","2014-01-15","32.84","33.3562"
"1876","2014-01-14","32.83","33.2386"
"1877","2014-01-13","32.82","33.1204"
"1878","2014-01-12","32.81","33.2062"
"1879","2014-01-11","32.8","33.2062"
"1880","2014-01-10","32.79","33.2062"
"1881","2014-01-09","32.78","33.1547"
"1882","2014-01-08","32.77","32.6587"
"1883","2014-01-07","32.76","32.6587"
"1884","2014-01-06","32.75","32.6587"
"1885","2014-01-05","32.74","32.6587"
"1886","2014-01-04","32.73","32.6587"
"1887","2014-01-03","32.72","32.6587"
"1888","2014-01-02","32.71","32.6587"
"1889","2014-01-01","32.7","32.6587"
"1890","2013-12-31","32.69","32.6587"
"1891","2013-12-30","32.68","32.7292"
"1892","2013-12-29","32.67","32.6282"
"1893","2013-12-28","32.66","32.6282"
"1894","2013-12-27","32.65","32.6282"
"1895","2013-12-26","32.64","32.671"
"1896","2013-12-25","32.63","32.6487"
"1897","2013-12-24","32.62","32.6284"
"1898","2013-12-23","32.61","32.9506"
"1899","2013-12-22","32.6","32.9798"
"1900","2013-12-21","32.59","32.9798"
"1901","2013-12-20","32.58","32.9798"
"1902","2013-12-19","32.57","32.9527"
"1903","2013-12-18","32.56","32.9404"
"1904","2013-12-17","32.55","32.8646"
"1905","2013-12-16","32.54","32.8658"
"1906","2013-12-15","32.53","32.8663"
"1907","2013-12-14","32.5","32.8663"
"1908","2013-12-13","32.47","32.8663"
"1909","2013-12-12","32.44","32.7518"
"1910","2013-12-11","32.41","32.7315"
"1911","2013-12-10","32.38","32.7848"
"1912","2013-12-09","32.35","32.7782"
"1913","2013-12-08","32.32","32.9514"
"1914","2013-12-07","32.29","32.9514"
"1915","2013-12-06","32.26","32.9514"
"1916","2013-12-05","32.23","33.114"
"1917","2013-12-04","32.2","33.2632"
"1918","2013-12-03","32.17","33.246"
"1919","2013-12-02","32.14","33.1482"
"1920","2013-12-01","32.11","33.1916"
"1921","2013-11-30","32.08","33.1916"
"1922","2013-11-29","32.05","33.1916"
"1923","2013-11-28","32.02","33.1332"
"1924","2013-11-27","31.99","33.0041"
"1925","2013-11-26","31.96","32.9879"
"1926","2013-11-25","31.93","32.7733"
"1927","2013-11-24","31.9","32.9055"
"1928","2013-11-23","31.87","32.9055"
"1929","2013-11-22","31.84","32.9055"
"1930","2013-11-21","31.81","33.018"
"1931","2013-11-20","31.78","32.7417"
"1932","2013-11-19","31.75","32.6098"
"1933","2013-11-18","31.72","32.5658"
"1934","2013-11-17","31.69","32.6807"
"1935","2013-11-16","31.66","32.6807"
"1936","2013-11-15","31.63","32.6807"
"1937","2013-11-14","31.6","32.6874"
"1938","2013-11-13","31.57","32.8184"
"1939","2013-11-12","31.54","32.8076"
"1940","2013-11-11","31.51","32.6622"
"1941","2013-11-10","31.48","32.5479"
"1942","2013-11-09","31.45","32.5479"
"1943","2013-11-08","31.42","32.5479"
"1944","2013-11-07","31.39","32.3803"
"1945","2013-11-06","31.36","32.4511"
"1946","2013-11-05","31.33","32.3509"
"1947","2013-11-04","31.3","32.1808"
"1948","2013-11-03","31.27","32.1808"
"1949","2013-11-02","31.24","32.1808"
"1950","2013-11-01","31.21","32.1808"
"1951","2013-10-31","31.18","32.0758"
"1952","2013-10-30","31.15","32.0613"
"1953","2013-10-29","31.135","31.9445"
"1954","2013-10-28","31.12","31.8119"
"1955","2013-10-27","31.105","31.6775"
"1956","2013-10-26","31.09","31.6775"
"1957","2013-10-25","31.075","31.6775"
"1958","2013-10-24","31.06","31.6618"
"1959","2013-10-23","31.045","31.7448"
"1960","2013-10-22","31.03","31.9346"
"1961","2013-10-21","31.015","31.9013"
"1962","2013-10-20","31","31.846"
"1963","2013-10-19","30.985","31.846"
"1964","2013-10-18","30.97","31.846"
"1965","2013-10-17","30.955","32.0816"
"1966","2013-10-16","30.94","32.2561"
"1967","2013-10-15","30.925","32.2676"
"1968","2013-10-14","30.91","32.2663"
"1969","2013-10-13","30.895","32.2133"
"1970","2013-10-12","30.88","32.2133"
"1971","2013-10-11","30.865","32.2133"
"1972","2013-10-10","30.85","32.3564"
"1973","2013-10-09","30.835","32.3619"
"1974","2013-10-08","30.82","32.2984"
"1975","2013-10-07","30.805","32.2931"
"1976","2013-10-06","30.79","32.1005"
"1977","2013-10-05","30.775","32.1005"
"1978","2013-10-04","30.76","32.1005"
"1979","2013-10-03","30.745","32.125"
"1980","2013-10-02","30.73","32.2979"
"1981","2013-10-01","30.715","32.2965"
"1982","2013-09-30","30.7","32.4839"
"1983","2013-09-29","3.7","32.3451"
"1984","2013-09-28","3.7","32.3451"
"1985","2013-09-27","3.7","32.3451"
"1986","2013-09-26","3.7","32.1736"
"1987","2013-09-25","3.7","31.9343"
"1988","2013-09-24","3.7","31.8167"
"1989","2013-09-23","3.7","31.9106"
"1990","2013-09-22","3.7","31.7326"
"1991","2013-09-21","3.7","31.7326"
"1992","2013-09-20","3.7","31.7326"
"1993","2013-09-19","3.7","31.5892"
"1994","2013-09-18","3.7","32.245"
"1995","2013-09-17","3.7","32.3237"
"1996","2013-09-16","3.7","32.2907"
"1997","2013-09-15","3.7","32.7406"
"1998","2013-09-14","3.6","32.7406"
"1999","2013-09-13","3.6","32.7406"
"2000","2013-09-12","3.6","32.6731"
"2001","2013-09-11","3.6","32.9629"
"2002","2013-09-10","3.6","33.06"
"2003","2013-09-09","3.6","33.3243"
"2004","2013-09-08","3.6","33.4338"
"2005","2013-09-07","3.6","33.4338"
"2006","2013-09-06","3.6","33.4338"
"2007","2013-09-05","3.6","33.3901"
"2008","2013-09-04","3.6","33.4656"
"2009","2013-09-03","3.59","33.3693"
"2010","2013-09-02","3.58","33.2522"
"2011","2013-09-01","3.57","33.2474"
"2012","2013-08-31","3.56","33.2474"
"2013","2013-08-30","3.55","33.2474"
"2014","2013-08-29","3.56","33.1783"
"2015","2013-08-28","3.57","33.1798"
"2016","2013-08-27","3.58","33.1224"
"2017","2013-08-26","3.59","32.9564"
"2018","2013-08-25","3.6","33.0552"
"2019","2013-08-24","3.61","33.0552"
"2020","2013-08-23","3.62","33.0552"
"2021","2013-08-22","3.63","33.1908"
"2022","2013-08-21","3.64","32.9737"
"2023","2013-08-20","3.65","33.0006"
"2024","2013-08-19","3.66","32.9226"
"2025","2013-08-18","3.67","32.9421"
"2026","2013-08-17","3.68","32.9421"
"2027","2013-08-16","3.69","32.9421"
"2028","2013-08-15","3.7","33.0004"
"2029","2013-08-14","30.7","33.1583"
"2030","2013-08-13","30.69","33.0426"
"2031","2013-08-12","30.68","32.891"
"2032","2013-08-11","30.67","32.8606"
"2033","2013-08-10","30.66","32.8606"
"2034","2013-08-09","30.65","32.8606"
"2035","2013-08-08","30.64","32.9401"
"2036","2013-08-07","30.63","32.9848"
"2037","2013-08-06","30.62","32.939"
"2038","2013-08-05","30.61","32.8811"
"2039","2013-08-04","30.6","33.0978"
"2040","2013-08-03","30.59","33.0978"
"2041","2013-08-02","30.58","33.0978"
"2042","2013-08-01","30.57","32.9741"
"2043","2013-07-31","30.56","33.033"
"2044","2013-07-30","30.55","32.8901"
"2045","2013-07-29","30.54","32.8556"
"2046","2013-07-28","30.53","32.6371"
"2047","2013-07-27","30.52","32.6371"
"2048","2013-07-26","30.51","32.6371"
"2049","2013-07-25","30.5","32.5376"
"2050","2013-07-24","30.5","32.3462"
"2051","2013-07-23","30.5","32.3106"
"2052","2013-07-22","30.5","32.3236"
"2053","2013-07-21","30.5","32.4288"
"2054","2013-07-20","30.5","32.4288"
"2055","2013-07-19","30.5","32.4288"
"2056","2013-07-18","30.5","32.3998"
"2057","2013-07-17","30.5","32.4526"
"2058","2013-07-16","30.5","32.5417"
"2059","2013-07-15","30.5","32.622"
"2060","2013-07-14","30.5","32.6429"
"2061","2013-07-13","30.5","32.6429"
"2062","2013-07-12","30.5","32.6429"
"2063","2013-07-11","30.5","32.5867"
"2064","2013-07-10","30.5","32.9112"
"2065","2013-07-09","30.5","33.0842"
"2066","2013-07-08","30.5","33.321"
"2067","2013-07-07","30.5","33.2247"
"2068","2013-07-06","30.5","33.2247"
"2069","2013-07-05","30.5","33.2247"
"2070","2013-07-04","30.5","33.1605"
"2071","2013-07-03","30.5","33.2204"
"2072","2013-07-02","30.5","32.9475"
"2073","2013-07-01","30.5","32.8517"
"2074","2013-06-30","30.5","32.709"
"2075","2013-06-29","30.5","32.709"
"2076","2013-06-28","30.5","32.709"
"2077","2013-06-27","30.5","32.8766"
"2078","2013-06-26","30.5","32.8876"
"2079","2013-06-25","30.5","32.714"
"2080","2013-06-24","30.5","32.9097"
"2081","2013-06-23","30.5","32.7433"
"2082","2013-06-22","30.5","32.7433"
"2083","2013-06-21","30.5","32.7433"
"2084","2013-06-20","30.5","32.7041"
"2085","2013-06-19","30.5","32.1201"
"2086","2013-06-18","30.5","31.8824"
"2087","2013-06-17","30.5","31.679"
"2088","2013-06-16","30.5","31.8029"
"2089","2013-06-15","30.5","31.8029"
"2090","2013-06-14","30.5","31.8029"
"2091","2013-06-13","30.5","32.3467"
"2092","2013-06-12","30.51","32.3951"
"2093","2013-06-11","30.51","32.3951"
"2094","2013-06-10","30.52","32.3246"
"2095","2013-06-09","30.52","32.2397"
"2096","2013-06-08","30.53","32.2397"
"2097","2013-06-07","30.53","32.2397"
"2098","2013-06-06","30.54","32.1385"
"2099","2013-06-05","30.54","31.9816"
"2100","2013-06-04","30.55","31.8344"
"2101","2013-06-03","30.56","32.0487"
"2102","2013-06-02","30.57","31.7979"
"2103","2013-06-01","30.58","31.7979"
"2104","2013-05-31","30.59","31.7979"
"2105","2013-05-30","30.6","31.5893"
"2106","2013-05-29","30.62","31.5203"
"2107","2013-05-28","30.64","31.3784"
"2108","2013-05-27","30.66","31.3025"
"2109","2013-05-26","30.68","31.3164"
"2110","2013-05-25","30.7","31.3164"
"2111","2013-05-24","30.72","31.3164"
"2112","2013-05-23","30.74","31.4711"
"2113","2013-05-22","30.76","31.228"
"2114","2013-05-21","30.78","31.177"
"2115","2013-05-20","30.8","31.3406"
"2116","2013-05-19","30.8","31.3931"
"2117","2013-05-18","30.8","31.3931"
"2118","2013-05-17","30.8","31.3931"
"2119","2013-05-16","30.8","31.4166"
"2120","2013-05-15","30.8","31.4281"
"2121","2013-05-14","30.8","31.2778"
"2122","2013-05-13","30.8","31.3777"
"2123","2013-05-12","30.8","31.0829"
"2124","2013-05-11","30.8","31.0829"
"2125","2013-05-10","30.8","31.0829"
"2126","2013-05-09","30.8","31.0829"
"2127","2013-05-08","30.8","31.0829"
"2128","2013-05-07","30.8","31.0789"
"2129","2013-05-06","30.8","31.0839"
"2130","2013-05-05","30.8","31.0433"
"2131","2013-05-04","30.8","31.0433"
"2132","2013-05-03","30.8","31.0433"
"2133","2013-05-02","30.8","31.0433"
"2134","2013-05-01","30.8","31.0433"
"2135","2013-04-30","30.8","31.0433"
"2136","2013-04-29","30.8","31.2559"
"2137","2013-04-28","30.82","31.2196"
"2138","2013-04-27","30.84","31.2196"
"2139","2013-04-26","30.86","31.2196"
"2140","2013-04-25","30.88","31.3169"
"2141","2013-04-24","30.9","31.5917"
"2142","2013-04-23","30.92","31.6414"
"2143","2013-04-22","30.94","31.5664"
"2144","2013-04-21","30.96","31.4605"
"2145","2013-04-20","30.98","31.4605"
"2146","2013-04-19","31","31.4605"
"2147","2013-04-18","31","31.7151"
"2148","2013-04-17","31.01","31.232"
"2149","2013-04-16","31.01","31.4512"
"2150","2013-04-15","31.02","31.3051"
"2151","2013-04-14","31.02","30.9308"
"2152","2013-04-13","31.03","30.9308"
"2153","2013-04-12","31.03","30.9308"
"2154","2013-04-11","31.04","30.8814"
"2155","2013-04-10","31.04","31.0036"
"2156","2013-04-09","31.05","31.2086"
"2157","2013-04-08","31.05","31.6144"
"2158","2013-04-07","31.06","31.6207"
"2159","2013-04-06","31.06","31.6207"
"2160","2013-04-05","31.07","31.6207"
"2161","2013-04-04","31.07","31.7203"
"2162","2013-04-03","31.08","31.3918"
"2163","2013-04-02","31.08","31.1178"
"2164","2013-04-01","31.09","31.1093"
"2165","2013-03-31","31.1","31.1"
